bomba,cv,rpm,carcaca_motor,c_mm,A_mm,B_mm,Y_mm,V_mm,E_mm,H_mm,s_mm,T_mm,peso_kg,fonte
40-250,60,3500,225S/M,100,1500,610,150,1200,578,84,16,1366,527,Tabela dimensional base viga bombas GS
50-250,60,3500,225S/M,100,1500,610,150,1200,578,84,16,1366,529,Tabela dimensional base viga bombas GS
50-250,75,3500,225S/M,100,1500,610,150,1200,578,84,16,1366,559,Tabela dimensional base viga bombas GS
65-200,60,3500,225S/M,120,1500,610,150,1200,578,84,16,1366,526,Tabela dimensional base viga bombas GS
65-200,75,3500,225S/M,120,1500,610,150,1200,578,84,16,1366,556,Tabela dimensional base viga bombas GS
65-250,60,3500,225S/M,120,1500,610,150,1200,578,84,16,1476,552,Tabela dimensional base viga bombas GS
65-250,75,3500,225S/M,120,1500,610,150,1200,578,84,16,1476,582,Tabela dimensional base viga bombas GS
65-250,100,3500,250S/M,120,1650,610,150,1350,564,110,16,1584,670,Tabela dimensional base viga bombas GS
65-250,125,3500,280S/M,120,1650,610,150,1350,564,110,16,1745,922,Tabela dimensional base viga bombas GS
80-160,60,3500,225S/M,125,1500,610,150,1200,578,84,16,1391,525,Tabela dimensional base viga bombas GS
80-200,60,3500,225S/M,125,1500,610,150,1200,578,84,16,1501,546,Tabela dimensional base viga bombas GS
80-200,75,3500,225S/M,125,1500,610,150,1200,578,84,16,1501,576,Tabela dimensional base viga bombas GS
80-200,100,3500,250S/M,125,1650,610,150,1350,564,110,16,1609,664,Tabela dimensional base viga bombas GS
80-250,75,3500,225S/M,125,1500,610,150,1200,578,84,16,1501,586,Tabela dimensional base viga bombas GS
80-250,100,3500,250S/M,125,1650,610,150,1350,564,110,16,1609,674,Tabela dimensional base viga bombas GS
80-250,125,3500,280S/M,125,1650,610,150,1350,564,110,16,1770,926,Tabela dimensional base viga bombas GS
80-250,150,3500,280S/M,125,1650,610,150,1350,564,110,16,1735,940,Tabela dimensional base viga bombas GS
80-400,60,1750,225S/M,125,1500,610,150,1200,578,84,16,1591,672,Tabela dimensional base viga bombas GS
80-400,75,1750,225S/M,125,1500,610,150,1200,578,84,16,1611,699,Tabela dimensional base viga bombas GS
80-400,100,1750,250S/M,125,1650,610,150,1350,564,110,16,1689,815,Tabela dimensional base viga bombas GS
80-400,125,1750,280S/M,125,1650,610,150,1350,564,110,16,1795,988,Tabela dimensional base viga bombas GS
100-160,60,3500,225S/M,125,1500,610,150,1200,578,84,16,1501,570,Tabela dimensional base viga bombas GS
100-160,75,3500,225S/M,125,1500,610,150,1200,578,84,16,1501,600,Tabela dimensional base viga bombas GS
100-200,60,3500,225S/M,125,1500,610,150,1200,578,84,16,1501,582,Tabela dimensional base viga bombas GS
100-200,75,3500,225S/M,125,1500,610,150,1200,578,84,16,1501,617,Tabela dimensional base viga bombas GS
100-200,100,3500,250S/M,125,1650,610,150,1350,564,110,16,1609,700,Tabela dimensional base viga bombas GS
100-200,125,3500,280S/M,125,1650,610,150,1350,564,110,16,1770,952,Tabela dimensional base viga bombas GS
100-200,150,3500,280S/M,125,1650,610,150,1350,564,110,16,1735,966,Tabela dimensional base viga bombas GS
100-250L,75,3500,225S/M,140,1500,610,150,1200,578,84,16,1576,629,Tabela dimensional base viga bombas GS
100-250L,100,3500,250S/M,140,1650,610,150,1350,564,110,16,1684,717,Tabela dimensional base viga bombas GS
100-250L,125,3500,280S/M,140,1650,610,150,1350,564,110,16,1845,969,Tabela dimensional base viga bombas GS
100-250L,150,3500,280S/M,140,1650,610,150,1350,564,110,16,1810,975,Tabela dimensional base viga bombas GS
100-250L,175,3500,315S/M,140,2000,730,200,1600,690,162,19,1983,1195,Tabela dimensional base viga bombas GS
100-250L,200,3500,315S/M,140,2000,730,200,1600,690,162,19,1983,1264,Tabela dimensional base viga bombas GS
100-250L,250,3500,315S/M,140,2000,730,200,1600,690,162,19,1983,1342,Tabela dimensional base viga bombas GS
100-400,60,1750,225S/M,140,1500,610,150,1200,578,84,16,1606,699,Tabela dimensional base viga bombas GS
100-400,75,1750,225S/M,140,1500,610,150,1200,578,84,16,1626,726,Tabela dimensional base viga bombas GS
100-400,100,1750,250S/M,140,1650,610,150,1350,564,110,16,1704,842,Tabela dimensional base viga bombas GS
125-200,75,3500,225S/M,140,1500,610,150,1200,578,84,16,1516,629,Tabela dimensional base viga bombas GS
125-200,100,3500,250S/M,140,1650,610,150,1350,564,110,16,1624,717,Tabela dimensional base viga bombas GS
125-200,125,3500,280S/M,140,1650,610,150,1350,564,110,16,1785,977,Tabela dimensional base viga bombas GS
125-200,150,3500,280S/M,140,1650,610,150,1350,564,110,16,1750,983,Tabela dimensional base viga bombas GS
125-250,60,1750,225S/M,140,1500,610,150,1200,578,84,16,1546,641,Tabela dimensional base viga bombas GS
125-250L,125,3500,280S/M,140,1650,610,150,1350,564,110,16,1845,997,Tabela dimensional base viga bombas GS
125-250L,150,3500,280S/M,140,1650,610,150,1350,564,110,16,1810,1011,Tabela dimensional base viga bombas GS
125-250L,175,3500,315S/M,140,2000,730,200,1600,690,162,19,1983,1223,Tabela dimensional base viga bombas GS
125-250L,200,3500,315S/M,140,2000,730,200,1600,690,162,19,1983,1292,Tabela dimensional base viga bombas GS
125-250L,250,3500,315S/M,140,2000,730,200,1600,690,162,19,1983,1370,Tabela dimensional base viga bombas GS
125-250L,300,3500,355M/L,140,2350,800,200,1950,790,216,19,2226,1792,Tabela dimensional base viga bombas GS
125-315,60,1750,225S/M,140,1500,610,150,1200,578,84,16,1606,686,Tabela dimensional base viga bombas GS
125-315,75,1750,225S/M,140,1500,610,150,1200,578,84,16,1626,718,Tabela dimensional base viga bombas GS
125-315,100,1750,250S/M,140,1650,610,150,1350,564,110,16,1704,829,Tabela dimensional base viga bombas GS
125-400,60,1750,225S/M,140,1500,610,150,1200,578,84,16,1606,728,Tabela dimensional base viga bombas GS
125-400,75,1750,225S/M,140,1500,610,150,1200,578,84,16,1626,755,Tabela dimensional base viga bombas GS
125-400,100,1750,250S/M,140,1650,610,150,1350,564,110,16,1704,871,Tabela dimensional base viga bombas GS
125-400,125,1750,280S/M,140,1650,610,150,1350,564,110,16,1810,1044,Tabela dimensional base viga bombas GS
125-400,150,1750,280S/M,140,1650,610,150,1350,564,110,16,1810,1131,Tabela dimensional base viga bombas GS
125-500,60,1750,225S/M,180,1650,610,150,1350,564,110,16,1786,891,Tabela dimensional base viga bombas GS
125-500,75,1750,225S/M,180,1650,610,150,1350,564,110,16,1806,918,Tabela dimensional base viga bombas GS
125-500,100,1750,250S/M,180,1800,730,150,1500,690,110,16,1884,1029,Tabela dimensional base viga bombas GS
125-500,125,1750,280S/M,180,1800,730,150,1500,690,110,16,1990,1202,Tabela dimensional base viga bombas GS
125-500,150,1750,280S/M,180,1800,730,150,1500,690,110,16,1990,1289,Tabela dimensional base viga bombas GS
125-500,175,1750,315S/M,180,2000,730,200,1600,690,162,19,2193,1543,Tabela dimensional base viga bombas GS
125-500,200,1750,315S/M,180,2000,730,200,1600,690,162,19,2193,1649,Tabela dimensional base viga bombas GS
150-200,75,3500,225S/M,160,1500,610,150,1200,578,84,16,1536,668,Tabela dimensional base viga bombas GS
150-200,100,3500,250S/M,160,1650,610,150,1350,564,110,16,1644,756,Tabela dimensional base viga bombas GS
150-200,125,3500,280S/M,160,1650,610,150,1350,564,110,16,1795,1003,Tabela dimensional base viga bombas GS
150-200,150,3500,280S/M,160,1650,610,150,1350,564,110,16,1770,1017,Tabela dimensional base viga bombas GS
150-250,60,1750,225S/M,160,1500,610,150,1200,578,84,16,1626,681,Tabela dimensional base viga bombas GS
150-250,75,1750,225S/M,160,1500,610,150,1200,578,84,16,1646,713,Tabela dimensional base viga bombas GS
150-250,100,1750,250S/M,160,1650,610,150,1350,564,110,16,1724,819,Tabela dimensional base viga bombas GS
150-315,60,1750,225S/M,160,1500,610,150,1200,578,84,16,1626,735,Tabela dimensional base viga bombas GS
150-315,75,1750,225S/M,160,1500,610,150,1200,578,84,16,1646,767,Tabela dimensional base viga bombas GS
150-315,100,1750,250S/M,160,1650,610,150,1350,564,110,16,1724,878,Tabela dimensional base viga bombas GS
150-315,125,1750,280S/M,160,1650,610,150,1350,564,110,16,1830,1051,Tabela dimensional base viga bombas GS
150-315,150,1750,280S/M,160,1650,610,150,1350,564,110,16,1830,1130,Tabela dimensional base viga bombas GS
150-400L,60,1750,225S/M,160,1650,610,150,1350,564,110,16,1766,884,Tabela dimensional base viga bombas GS
150-400L,75,1750,225S/M,160,1650,610,150,1350,564,110,16,1786,916,Tabela dimensional base viga bombas GS
150-400L,100,1750,250S/M,160,1800,730,150,1500,690,110,16,1864,1027,Tabela dimensional base viga bombas GS
150-400L,125,1750,280S/M,160,1800,730,150,1500,690,110,16,1970,1208,Tabela dimensional base viga bombas GS
150-400L,150,1750,280S/M,160,1800,730,150,1500,690,110,16,1970,1287,Tabela dimensional base viga bombas GS
150-400L,175,1750,315S/M,160,2000,730,200,1600,690,162,19,2173,1541,Tabela dimensional base viga bombas GS
150-400L,200,1750,315S/M,160,2000,730,200,1600,690,162,19,2173,1647,Tabela dimensional base viga bombas GS
150-500,100,1750,250S/M,180,1800,730,150,1500,690,110,16,1884,1155,Tabela dimensional base viga bombas GS
150-500,125,1750,280S/M,180,1800,730,150,1500,690,110,16,1990,1336,Tabela dimensional base viga bombas GS
150-500,150,1750,280S/M,180,1800,730,150,1500,690,110,16,1990,1415,Tabela dimensional base viga bombas GS
150-500,175,1750,315S/M,180,2000,730,200,1600,690,162,19,2193,1669,Tabela dimensional base viga bombas GS
150-500,200,1750,315S/M,180,2000,730,200,1600,690,162,19,2193,1775,Tabela dimensional base viga bombas GS
150-500,250,1750,315S/M,180,2000,730,200,1600,690,162,19,2203,1826,Tabela dimensional base viga bombas GS
150-500,300,1750,355M/L,180,2350,800,200,1950,790,216,19,2346,2236,Tabela dimensional base viga bombas GS
150-500,350,1750,355M/L,180,2350,800,200,1950,790,216,19,2346,2422,Tabela dimensional base viga bombas GS
200-400,125,1750,280S/M,200,1800,730,150,1500,690,110,16,1990,1345,Tabela dimensional base viga bombas GS
200-400,150,1750,280S/M,200,1800,730,150,1500,690,110,16,1990,1432,Tabela dimensional base viga bombas GS
200-400,175,1750,315S/M,200,2000,730,200,1600,690,162,19,2193,1686,Tabela dimensional base viga bombas GS
200-400,200,1750,315S/M,200,2000,730,200,1600,690,162,19,2193,1792,Tabela dimensional base viga bombas GS
200-400,250,1750,315S/M,200,2000,730,200,1600,690,162,19,2203,1843,Tabela dimensional base viga bombas GS
200-400,300,1750,355M/L,200,2350,800,200,1950,790,216,19,2346,2253,Tabela dimensional base viga bombas GS
200-400,350,1750,355M/L,200,2350,800,200,1950,790,216,19,2346,2439,Tabela dimensional base viga bombas GS
200-400,400,1750,355M/L,200,2350,800,200,1950,790,216,19,2366,2432,Tabela dimensional base viga bombas GS
200-400,450,1750,355M/L,200,2350,800,200,1950,790,216,19,2366,2568,Tabela dimensional base viga bombas GS
200-500,250,1750,315S/M,220,2350,800,200,1950,790,216,19,2373,2092,Tabela dimensional base viga bombas GS
200-500,300,1750,355M/L,220,2350,800,200,1950,790,216,19,2516,2390,Tabela dimensional base viga bombas GS
200-500,350,1750,355M/L,220,2350,800,200,1950,790,216,19,2516,2576,Tabela dimensional base viga bombas GS
200-500,400,1750,355M/L,220,2350,800,200,1950,790,216,19,2536,2569,Tabela dimensional base viga bombas GS
200-500,450,1750,355M/L,220,2350,800,200,1950,790,216,19,2536,2705,Tabela dimensional base viga bombas GS
