tamanho,dn1_mm,dn2_mm,carcaca_motor,a_mm,f_mm,h1_mm,h2_mm,base,h3_mm,H_mm,H1_mm,G1_mm,k_mm,E_mm,E1_mm,D1_mm,fonte
32-160,50,32,71,80,385,132,160,0501-B,197,500,330,380,70,970,450,850,"KSB Meganorm manual tecnico A2742.0P/8, secao 15"
32-160,50,32,80,80,385,132,160,0501-B,197,500,330,380,70,970,450,850,"KSB Meganorm manual tecnico A2742.0P/8, secao 15"
32-160,50,32,90,80,385,132,160,0501-B,197,500,330,380,70,970,450,850,"KSB Meganorm manual tecnico A2742.0P/8, secao 15"
32-160,50,32,100,80,385,132,160,0501-B,197,500,330,380,70,970,450,850,"KSB Meganorm manual tecnico A2742.0P/8, secao 15"
32-160,50,32,112,80,385,132,160,0501-B,197,500,330,380,70,970,450,850,"KSB Meganorm manual tecnico A2742.0P/8, secao 15"
32-160,50,32,132,80,385,132,160,0502-B,197,540,370,420,70,1170,610,1050,"KSB Meganorm manual tecnico A2742.0P/8, secao 15"
32-160.1,50,32,71,80,385,132,160,0501-B,197,500,330,380,70,970,450,850,"KSB Meganorm manual tecnico A2742.0P/8, secao 15"
32-160.1,50,32,80,80,385,132,160,0501-B,197,500,330,380,70,970,450,850,"KSB Meganorm manual tecnico A2742.0P/8, secao 15"
32-160.1,50,32,90,80,385,132,160,0501-B,197,500,330,380,70,970,450,850,"KSB Meganorm manual tecnico A2742.0P/8, secao 15"
32-160.1,50,32,100,80,385,132,160,0501-B,197,500,330,380,70,970,450,850,"KSB Meganorm manual tecnico A2742.0P/8, secao 15"
32-160.1,50,32,112,80,385,132,160,0501-B,197,500,330,380,70,970,450,850,"KSB Meganorm manual tecnico A2742.0P/8, secao 15"
32-200,50,32,80,80,385,160,180,0501-B,225,500,330,380,70,970,450,850,"KSB Meganorm manual tecnico A2742.0P/8, secao 15"
32-200,50,32,90,80,385,160,180,0501-B,225,500,330,380,70,970,450,850,"KSB Meganorm manual tecnico A2742.0P/8, secao 15"
32-200,50,32,100,80,385,160,180,0501-B,225,500,330,380,70,970,450,850,"KSB Meganorm manual tecnico A2742.0P/8, secao 15"
32-200,50,32,112,80,385,160,180,0501-B,225,500,330,380,70,970,450,850,"KSB Meganorm manual tecnico A2742.0P/8, secao 15"
32-200,50,32,132,80,385,160,180,0502-B,225,540,370,420,70,1170,610,1050,"KSB Meganorm manual tecnico A2742.0P/8, secao 15"
32-200.1,50,32,71,80,385,160,180,0501-B,225,500,330,380,70,970,450,850,"KSB Meganorm manual tecnico A2742.0P/8, secao 15"
32-200.1,50,32,80,80,385,160,180,0501-B,225,500,330,380,70,970,450,850,"KSB Meganorm manual tecnico A2742.0P/8, secao 15"
32-200.1,50,32,90,80,385,160,180,0501-B,225,500,330,380,70,970,450,850,"KSB Meganorm manual tecnico A2742.0P/8, secao 15"
32-200.1,50,32,100,80,385,160,180,0501-B,225,500,330,380,70,970,450,850,"KSB Meganorm manual tecnico A2742.0P/8, secao 15"
32-200.1,50,32,112,80,385,160,180,0501-B,225,500,330,380,70,970,450,850,"KSB Meganorm manual tecnico A2742.0P/8, secao 15"
32-200.1,50,32,132,80,385,160,180,0502-B,225,540,370,420,70,1170,610,1050,"KSB Meganorm manual tecnico A2742.0P/8, secao 15"
32-250,50,32,90,100,500,180,225,0502-B,245,540,370,420,75,1170,610,1050,"KSB Meganorm manual tecnico A2742.0P/8, secao 15"
32-250,50,32,100,100,500,180,225,0502-B,245,540,370,420,75,1170,610,1050,"KSB Meganorm manual tecnico A2742.0P/8, secao 15"
32-250,50,32,112,100,500,180,225,0502-B,245,540,370,420,75,1170,610,1050,"KSB Meganorm manual tecnico A2742.0P/8, secao 15"
32-250,50,32,132S,100,500,180,225,0502-B,245,540,370,420,75,1170,610,1050,"KSB Meganorm manual tecnico A2742.0P/8, secao 15"
32-250,50,32,132M,100,500,180,225,0503-B,245,660,490,540,75,1370,750,1250,"KSB Meganorm manual tecnico A2742.0P/8, secao 15"
32-250,50,32,160,100,500,180,225,0503-B,245,660,490,540,75,1370,750,1250,"KSB Meganorm manual tecnico A2742.0P/8, secao 15"
32-250,50,32,180,100,500,180,225,0503-B,245,660,490,540,75,1370,750,1250,"KSB Meganorm manual tecnico A2742.0P/8, secao 15"
32-250,50,32,200,100,500,180,225,0503-B,265,660,490,540,75,1370,750,1250,"KSB Meganorm manual tecnico A2742.0P/8, secao 15"
32-250,50,32,225,100,500,180,225,0503-B,290,660,490,540,75,1370,750,1250,"KSB Meganorm manual tecnico A2742.0P/8, secao 15"
32-250.1,50,32,90,100,500,180,225,0502-B,245,540,370,420,75,1170,610,1050,"KSB Meganorm manual tecnico A2742.0P/8, secao 15"
32-250.1,50,32,100,100,500,180,225,0502-B,245,540,370,420,75,1170,610,1050,"KSB Meganorm manual tecnico A2742.0P/8, secao 15"
32-250.1,50,32,112,100,500,180,225,0502-B,245,540,370,420,75,1170,610,1050,"KSB Meganorm manual tecnico A2742.0P/8, secao 15"
32-250.1,50,32,132S,100,500,180,225,0502-B,245,540,370,420,75,1170,610,1050,"KSB Meganorm manual tecnico A2742.0P/8, secao 15"
32-250.1,50,32,132M,100,500,180,225,0503-B,245,660,490,540,75,1370,750,1250,"KSB Meganorm manual tecnico A2742.0P/8, secao 15"
32-250.1,50,32,160,100,500,180,225,0503-B,245,660,490,540,75,1370,750,1250,"KSB Meganorm manual tecnico A2742.0P/8, secao 15"
40-125,65,40,71,80,385,112,140,0501-B,177,500,330,380,70,970,450,850,"KSB Meganorm manual tecnico A2742.0P/8, secao 15"
40-125,65,40,80,80,385,112,140,0501-B,177,500,330,380,70,970,450,850,"KSB Meganorm manual tecnico A2742.0P/8, secao 15"
40-125,65,40,90,80,385,112,140,0501-B,177,500,330,380,70,970,450,850,"KSB Meganorm manual tecnico A2742.0P/8, secao 15"
40-125,65,40,100,80,385,112,140,0501-B,177,500,330,380,70,970,450,850,"KSB Meganorm manual tecnico A2742.0P/8, secao 15"
40-125,65,40,112,80,385,112,140,0501-B,177,500,330,380,70,970,450,850,"KSB Meganorm manual tecnico A2742.0P/8, secao 15"
40-125,65,40,132,80,385,112,140,0502-B,197,540,370,420,70,1170,610,1050,"KSB Meganorm manual tecnico A2742.0P/8, secao 15"
40-160,65,40,71,80,385,132,160,,--,--,--,--,,--,--,--,"KSB Meganorm manual tecnico A2742.0P/8, secao 15"
40-160,65,40,80,80,385,132,160,0501-B,197,500,330,380,--70,970,450,850,"KSB Meganorm manual tecnico A2742.0P/8, secao 15"
40-160,65,40,90,80,385,132,160,0501-B,197,500,330,380,--70,970,450,850,"KSB Meganorm manual tecnico A2742.0P/8, secao 15"
40-160,65,40,100,80,385,132,160,0501-B,197,500,330,380,--70,970,450,850,"KSB Meganorm manual tecnico A2742.0P/8, secao 15"
40-160,65,40,112,80,385,132,160,0501-B,197,500,330,380,--70,970,450,850,"KSB Meganorm manual tecnico A2742.0P/8, secao 15"
40-160,65,40,132,80,385,132,160,0502-B,197,540,370,420,--70,1170,610,1050,"KSB Meganorm manual tecnico A2742.0P/8, secao 15"
40-160,65,40,160,80,385,132,160,0502-B,225,540,370,420,--70,1170,610,1050,"KSB Meganorm manual tecnico A2742.0P/8, secao 15"
40-200,65,40,80,100,385,160,180,0501-B,225,500,330,380,75,970,450,850,"KSB Meganorm manual tecnico A2742.0P/8, secao 15"
40-200,65,40,90,100,385,160,180,0501-B,225,500,330,380,75,970,450,850,"KSB Meganorm manual tecnico A2742.0P/8, secao 15"
40-200,65,40,100,100,385,160,180,0501-B,225,500,330,380,75,970,450,850,"KSB Meganorm manual tecnico A2742.0P/8, secao 15"
40-200,65,40,112,100,385,160,180,0501-B,225,500,330,380,75,970,450,850,"KSB Meganorm manual tecnico A2742.0P/8, secao 15"
40-200,65,40,132,100,385,160,180,0502-B,225,540,370,420,75,1170,610,1050,"KSB Meganorm manual tecnico A2742.0P/8, secao 15"
40-200,65,40,160,100,385,160,180,0502-B,225,540,370,420,75,1170,610,1050,"KSB Meganorm manual tecnico A2742.0P/8, secao 15"
40-200,65,40,180,100,385,160,180,0503-B,245,660,490,540,75,1370,750,1250,"KSB Meganorm manual tecnico A2742.0P/8, secao 15"
40-200,65,40,200,100,385,160,180,0503-B,265,660,490,540,75,1370,750,1250,"KSB Meganorm manual tecnico A2742.0P/8, secao 15"
40-250,65,40,80,100,500,180,225,0502-B,245,540,370,420,75,1170,610,1050,"KSB Meganorm manual tecnico A2742.0P/8, secao 15"
40-250,65,40,90,100,500,180,225,0502-B,245,540,370,420,75,1170,610,1050,"KSB Meganorm manual tecnico A2742.0P/8, secao 15"
40-250,65,40,100,100,500,180,225,0502-B,245,540,370,420,75,1170,610,1050,"KSB Meganorm manual tecnico A2742.0P/8, secao 15"
40-250,65,40,112,100,500,180,225,0502-B,245,540,370,420,75,1170,610,1050,"KSB Meganorm manual tecnico A2742.0P/8, secao 15"
40-250,65,40,132S,100,500,180,225,0502-B,245,540,370,420,75,1170,610,1050,"KSB Meganorm manual tecnico A2742.0P/8, secao 15"
40-250,65,40,132M,100,500,180,225,0503-B,245,660,490,540,75,1370,750,1250,"KSB Meganorm manual tecnico A2742.0P/8, secao 15"
40-250,65,40,160,100,500,180,225,0503-B,245,660,490,540,75,1370,750,1250,"KSB Meganorm manual tecnico A2742.0P/8, secao 15"
40-250,65,40,180,100,500,180,225,0503-B,245,660,490,540,75,1370,750,1250,"KSB Meganorm manual tecnico A2742.0P/8, secao 15"
40-250,65,40,200,100,500,180,225,0503-B,265,660,490,540,75,1370,750,1250,"KSB Meganorm manual tecnico A2742.0P/8, secao 15"
40-250,65,40,225,100,500,180,225,0503-B,290,660,490,540,75,1370,750,1250,"KSB Meganorm manual tecnico A2742.0P/8, secao 15"
40-315,65,40,100,125,500,200,250,0504-B,280,620,450,500,90,1150,590,1030,"KSB Meganorm manual tecnico A2742.0P/8, secao 15"
40-315,65,40,112,125,500,200,250,0504-B,280,620,450,500,90,1150,590,1030,"KSB Meganorm manual tecnico A2742.0P/8, secao 15"
40-315,65,40,132,125,500,200,250,0504-B,280,620,450,500,90,1150,590,1030,"KSB Meganorm manual tecnico A2742.0P/8, secao 15"
40-315,65,40,160,125,500,200,250,0505-B,280,660,490,540,90,1520,800,1400,"KSB Meganorm manual tecnico A2742.0P/8, secao 15"
40-315,65,40,180,125,500,200,250,0505-B,280,660,490,540,90,1520,800,1400,"KSB Meganorm manual tecnico A2742.0P/8, secao 15"
40-315,65,40,200,125,500,200,250,0505-B,280,660,490,540,90,1520,800,1400,"KSB Meganorm manual tecnico A2742.0P/8, secao 15"
40-315,65,40,225,125,500,200,250,0505-B,305,660,490,540,90,1520,800,1400,"KSB Meganorm manual tecnico A2742.0P/8, secao 15"
50-125,80,50,71,100,385,132,160,0501-B,197,500,330,380,75,970,450,850,"KSB Meganorm manual tecnico A2742.0P/8, secao 15"
50-125,80,50,80,100,385,132,160,0501-B,197,500,330,380,75,970,450,850,"KSB Meganorm manual tecnico A2742.0P/8, secao 15"
50-125,80,50,90,100,385,132,160,0501-B,197,500,330,380,75,970,450,850,"KSB Meganorm manual tecnico A2742.0P/8, secao 15"
50-125,80,50,100,100,385,132,160,0501-B,197,500,330,380,75,970,450,850,"KSB Meganorm manual tecnico A2742.0P/8, secao 15"
50-125,80,50,112,100,385,132,160,0501-B,197,500,330,380,75,970,450,850,"KSB Meganorm manual tecnico A2742.0P/8, secao 15"
50-125,80,50,132,100,385,132,160,0501-B,197,500,330,380,75,970,450,850,"KSB Meganorm manual tecnico A2742.0P/8, secao 15"
50-125,80,50,160,100,385,132,160,0502-B,225,540,370,420,75,1170,610,1050,"KSB Meganorm manual tecnico A2742.0P/8, secao 15"
50-160,80,50,80,100,385,160,180,0501-B,225,500,330,380,75,970,450,850,"KSB Meganorm manual tecnico A2742.0P/8, secao 15"
50-160,80,50,90,100,385,160,180,0501-B,225,500,330,380,75,970,450,850,"KSB Meganorm manual tecnico A2742.0P/8, secao 15"
50-160,80,50,100,100,385,160,180,0501-B,225,500,330,380,75,970,450,850,"KSB Meganorm manual tecnico A2742.0P/8, secao 15"
50-160,80,50,112,100,385,160,180,0501-B,225,500,330,380,75,970,450,850,"KSB Meganorm manual tecnico A2742.0P/8, secao 15"
50-160,80,50,132,100,385,160,180,0501-B,225,540,370,420,75,1170,610,1050,"KSB Meganorm manual tecnico A2742.0P/8, secao 15"
50-160,80,50,160,100,385,160,180,0502-B,225,540,370,420,75,1170,610,1050,"KSB Meganorm manual tecnico A2742.0P/8, secao 15"
50-160,80,50,180,100,385,160,180,0502-B,245,660,490,540,75,1370,750,1250,"KSB Meganorm manual tecnico A2742.0P/8, secao 15"
50-160,80,50,200,100,385,160,180,0502-B,265,660,490,540,75,1370,750,1250,"KSB Meganorm manual tecnico A2742.0P/8, secao 15"
50-200,80,50,90,100,385,160,200,0501-B,225,500,330,380,75,970,450,850,"KSB Meganorm manual tecnico A2742.0P/8, secao 15"
50-200,80,50,100,100,385,160,200,0501-B,225,500,330,380,75,970,450,850,"KSB Meganorm manual tecnico A2742.0P/8, secao 15"
50-200,80,50,112,100,385,160,200,0501-B,225,500,330,380,75,970,450,850,"KSB Meganorm manual tecnico A2742.0P/8, secao 15"
50-200,80,50,132,100,385,160,200,0502-B,225,540,370,420,75,1170,610,1050,"KSB Meganorm manual tecnico A2742.0P/8, secao 15"
50-200,80,50,160,100,385,160,200,0502-B,225,540,370,420,75,1170,610,1050,"KSB Meganorm manual tecnico A2742.0P/8, secao 15"
50-200,80,50,180,100,385,160,200,0503-B,245,660,490,540,75,1370,750,1250,"KSB Meganorm manual tecnico A2742.0P/8, secao 15"
50-200,80,50,200,100,385,160,200,0503-B,265,660,490,540,75,1370,750,1250,"KSB Meganorm manual tecnico A2742.0P/8, secao 15"
50-200,80,50,225,100,385,160,200,0503-B,290,660,490,540,75,1370,750,1250,"KSB Meganorm manual tecnico A2742.0P/8, secao 15"
50-250,80,50,100,125,500,180,225,0504-B,260,620,450,500,90,1150,590,1030,"KSB Meganorm manual tecnico A2742.0P/8, secao 15"
50-250,80,50,112,125,500,180,225,0504-B,260,620,450,500,90,1150,590,1030,"KSB Meganorm manual tecnico A2742.0P/8, secao 15"
50-250,80,50,132,125,500,180,225,0504-B,260,620,450,500,90,1150,590,1030,"KSB Meganorm manual tecnico A2742.0P/8, secao 15"
50-250,80,50,160,125,500,180,225,0505-B,260,660,490,540,90,1520,800,1400,"KSB Meganorm manual tecnico A2742.0P/8, secao 15"
50-250,80,50,180,125,500,180,225,0505-B,260,660,490,540,90,1520,800,1400,"KSB Meganorm manual tecnico A2742.0P/8, secao 15"
50-250,80,50,200,125,500,180,225,0505-B,280,660,490,540,90,1520,800,1400,"KSB Meganorm manual tecnico A2742.0P/8, secao 15"
50-250,80,50,225,125,500,180,225,0505-B,305,660,490,540,90,1520,800,1400,"KSB Meganorm manual tecnico A2742.0P/8, secao 15"
50-315,80,50,100,125,500,225,280,0504-B,305,620,450,500,90,1150,590,1030,"KSB Meganorm manual tecnico A2742.0P/8, secao 15"
50-315,80,50,112,125,500,225,280,0504-B,305,620,450,500,90,1150,590,1030,"KSB Meganorm manual tecnico A2742.0P/8, secao 15"
50-315,80,50,132,125,500,225,280,0504-B,305,620,450,500,90,1150,590,1030,"KSB Meganorm manual tecnico A2742.0P/8, secao 15"
50-315,80,50,160,125,500,225,280,0505-B,305,660,490,540,90,1520,800,1400,"KSB Meganorm manual tecnico A2742.0P/8, secao 15"
50-315,80,50,180,125,500,225,280,0505-B,305,660,490,540,90,1520,800,1400,"KSB Meganorm manual tecnico A2742.0P/8, secao 15"
50-315,80,50,200,125,500,225,280,0505-B,305,660,490,540,90,1520,800,1400,"KSB Meganorm manual tecnico A2742.0P/8, secao 15"
50-315,80,50,225,125,500,225,280,0505-B,305,660,490,540,90,1520,800,1400,"KSB Meganorm manual tecnico A2742.0P/8, secao 15"
65-125,100,65,80,100,385,160,180,0501-B,225,500,330,380,75,970,450,850,"KSB Meganorm manual tecnico A2742.0P/8, secao 15"
65-125,100,65,90,100,385,160,180,0501-B,225,500,330,380,75,970,450,850,"KSB Meganorm manual tecnico A2742.0P/8, secao 15"
65-125,100,65,100,100,385,160,180,0501-B,225,500,330,380,75,970,450,850,"KSB Meganorm manual tecnico A2742.0P/8, secao 15"
65-125,100,65,112,100,385,160,180,0501-B,225,500,330,380,75,970,450,850,"KSB Meganorm manual tecnico A2742.0P/8, secao 15"
65-125,100,65,132,100,385,160,180,0502-B,225,540,370,420,75,1170,610,1050,"KSB Meganorm manual tecnico A2742.0P/8, secao 15"
65-125,100,65,160,100,385,160,180,0502-B,225,540,370,420,75,1170,610,1050,"KSB Meganorm manual tecnico A2742.0P/8, secao 15"
65-160,100,65,90,100,500,160,200,0502-B,225,540,370,420,75,1170,610,1050,"KSB Meganorm manual tecnico A2742.0P/8, secao 15"
65-160,100,65,100,100,500,160,200,0502-B,225,540,370,420,75,1170,610,1050,"KSB Meganorm manual tecnico A2742.0P/8, secao 15"
65-160,100,65,112,100,500,160,200,0502-B,225,540,370,420,75,1170,610,1050,"KSB Meganorm manual tecnico A2742.0P/8, secao 15"
65-160,100,65,132S,100,500,160,200,0502-B,225,540,370,420,75,1170,610,1050,"KSB Meganorm manual tecnico A2742.0P/8, secao 15"
65-160,100,65,132M,100,500,160,200,0503-B,225,660,490,540,75,1370,750,1250,"KSB Meganorm manual tecnico A2742.0P/8, secao 15"
65-160,100,65,160,100,500,160,200,0503-B,225,660,490,540,75,1370,750,1250,"KSB Meganorm manual tecnico A2742.0P/8, secao 15"
65-160,100,65,180,100,500,160,200,0503-B,245,660,490,540,75,1370,750,1250,"KSB Meganorm manual tecnico A2742.0P/8, secao 15"
65-160,100,65,200,100,500,160,200,0503-B,265,660,490,540,75,1370,750,1250,"KSB Meganorm manual tecnico A2742.0P/8, secao 15"
65-200,100,65,90,100,500,180,225,0502-B,245,540,370,420,75,1170,610,1050,"KSB Meganorm manual tecnico A2742.0P/8, secao 15"
65-200,100,65,100,100,500,180,225,0502-B,245,540,370,420,75,1170,610,1050,"KSB Meganorm manual tecnico A2742.0P/8, secao 15"
65-200,100,65,112,100,500,180,225,0502-B,245,540,370,420,75,1170,610,1050,"KSB Meganorm manual tecnico A2742.0P/8, secao 15"
65-200,100,65,132S,100,500,180,225,0502-B,245,540,370,420,75,1170,610,1050,"KSB Meganorm manual tecnico A2742.0P/8, secao 15"
65-200,100,65,132M,100,500,180,225,0503-B,245,660,490,540,75,1370,750,1250,"KSB Meganorm manual tecnico A2742.0P/8, secao 15"
65-200,100,65,160,100,500,180,225,0503-B,245,660,490,540,75,1370,750,1250,"KSB Meganorm manual tecnico A2742.0P/8, secao 15"
65-200,100,65,180,100,500,180,225,0503-B,245,660,490,540,75,1370,750,1250,"KSB Meganorm manual tecnico A2742.0P/8, secao 15"
65-200,100,65,200,100,500,180,225,0503-B,265,660,490,540,75,1370,750,1250,"KSB Meganorm manual tecnico A2742.0P/8, secao 15"
65-200,100,65,225,100,500,180,225,0503-B,290,660,490,540,75,1370,750,1250,"KSB Meganorm manual tecnico A2742.0P/8, secao 15"
65-250,100,65,100,125,500,200,250,0504-B,280,620,450,500,90,1150,590,1030,"KSB Meganorm manual tecnico A2742.0P/8, secao 15"
65-250,100,65,112,125,500,200,250,0504-B,280,620,450,500,90,1150,590,1030,"KSB Meganorm manual tecnico A2742.0P/8, secao 15"
65-250,100,65,132,125,500,200,250,0504-B,280,620,450,500,90,1150,590,1030,"KSB Meganorm manual tecnico A2742.0P/8, secao 15"
65-250,100,65,160,125,500,200,250,0505-B,280,660,490,540,90,1520,800,1400,"KSB Meganorm manual tecnico A2742.0P/8, secao 15"
65-250,100,65,180,125,500,200,250,0505-B,280,660,490,540,90,1520,800,1400,"KSB Meganorm manual tecnico A2742.0P/8, secao 15"
65-250,100,65,200,125,500,200,250,0505-B,280,660,490,540,90,1520,800,1400,"KSB Meganorm manual tecnico A2742.0P/8, secao 15"
65-250,100,65,225,125,500,200,250,0505-B,305,660,490,540,90,1520,800,1400,"KSB Meganorm manual tecnico A2742.0P/8, secao 15"
65-315,100,65,132,125,530,225,280,0505-B,305,660,490,540,90,1520,800,1400,"KSB Meganorm manual tecnico A2742.0P/8, secao 15"
65-315,100,65,160M,125,530,225,280,0505-B,305,660,490,540,90,1520,800,1400,"KSB Meganorm manual tecnico A2742.0P/8, secao 15"
65-315,100,65,160L,125,530,225,280,0505-B,305,660,490,540,90,1520,800,1400,"KSB Meganorm manual tecnico A2742.0P/8, secao 15"
65-315,100,65,180,125,530,225,280,0505-B,305,660,490,540,90,1520,800,1400,"KSB Meganorm manual tecnico A2742.0P/8, secao 15"
65-315,100,65,200,125,530,225,280,0506-B,305,660,490,540,90,1340,720,1220,"KSB Meganorm manual tecnico A2742.0P/8, secao 15"
80-160,125,80,90,125,500,180,225,0504-B,260,620,450,500,90,1150,590,1030,"KSB Meganorm manual tecnico A2742.0P/8, secao 15"
80-160,125,80,100,125,500,180,225,0504-B,260,620,450,500,90,1150,590,1030,"KSB Meganorm manual tecnico A2742.0P/8, secao 15"
80-160,125,80,112,125,500,180,225,0504-B,260,620,450,500,90,1150,590,1030,"KSB Meganorm manual tecnico A2742.0P/8, secao 15"
80-160,125,80,132,125,500,180,225,0504-B,260,620,450,500,90,1150,590,1030,"KSB Meganorm manual tecnico A2742.0P/8, secao 15"
80-160,125,80,160,125,500,180,225,0505-B,260,660,490,540,90,1150,590,1030,"KSB Meganorm manual tecnico A2742.0P/8, secao 15"
80-160,125,80,180,125,500,180,225,0505-B,260,660,490,540,90,1150,590,1030,"KSB Meganorm manual tecnico A2742.0P/8, secao 15"
80-160,125,80,200,125,500,180,225,0505-B,280,660,490,540,90,1150,590,1030,"KSB Meganorm manual tecnico A2742.0P/8, secao 15"
80-160,125,80,225,125,500,180,225,0505-B,305,660,490,540,90,1150,590,1030,"KSB Meganorm manual tecnico A2742.0P/8, secao 15"
80-200,125,80,100,125,500,180,250,0504-B,260,620,450,500,90,1150,590,1030,"KSB Meganorm manual tecnico A2742.0P/8, secao 15"
80-200,125,80,112,125,500,180,250,0504-B,260,620,450,500,90,1150,590,1030,"KSB Meganorm manual tecnico A2742.0P/8, secao 15"
80-200,125,80,132,125,500,180,250,0504-B,260,620,450,500,90,1150,590,1030,"KSB Meganorm manual tecnico A2742.0P/8, secao 15"
80-200,125,80,160,125,500,180,250,0505-B,260,660,490,540,90,1520,800,1400,"KSB Meganorm manual tecnico A2742.0P/8, secao 15"
80-200,125,80,180,125,500,180,250,0505-B,260,660,490,540,90,1520,800,1400,"KSB Meganorm manual tecnico A2742.0P/8, secao 15"
80-200,125,80,200,125,500,180,250,0505-B,280,660,490,540,90,1520,800,1400,"KSB Meganorm manual tecnico A2742.0P/8, secao 15"
80-200,125,80,225,125,500,180,250,0505-B,305,660,490,540,90,1520,800,1400,"KSB Meganorm manual tecnico A2742.0P/8, secao 15"
80-250,125,80,112,125,500,225,280,0504-B,305,620,450,500,90,1150,590,1030,"KSB Meganorm manual tecnico A2742.0P/8, secao 15"
80-250,125,80,132,125,500,225,280,0504-B,305,620,450,500,90,1150,590,1030,"KSB Meganorm manual tecnico A2742.0P/8, secao 15"
80-250,125,80,160,125,500,225,280,0505-B,305,660,490,540,90,1520,800,1400,"KSB Meganorm manual tecnico A2742.0P/8, secao 15"
80-250,125,80,180,125,500,225,280,0505-B,305,660,490,540,90,1520,800,1400,"KSB Meganorm manual tecnico A2742.0P/8, secao 15"
80-250,125,80,200,125,500,225,280,0505-B,305,660,490,540,90,1520,800,1400,"KSB Meganorm manual tecnico A2742.0P/8, secao 15"
80-250,125,80,225,125,500,225,280,0505-B,305,660,490,540,90,1520,800,1400,"KSB Meganorm manual tecnico A2742.0P/8, secao 15"
80-315,125,80,132M,125,530,250,315,,--,--,--,--,--,--,--,--,"KSB Meganorm manual tecnico A2742.0P/8, secao 15"
80-315,125,80,160M,125,530,250,315,0505-B,330,660,490,540,90,1520,800,1400,"KSB Meganorm manual tecnico A2742.0P/8, secao 15"
80-315,125,80,160L,125,530,250,315,0505-B,330,660,490,540,90,1520,800,1400,"KSB Meganorm manual tecnico A2742.0P/8, secao 15"
80-315,125,80,180,125,530,250,315,0505-B,330,660,490,540,90,1520,800,1400,"KSB Meganorm manual tecnico A2742.0P/8, secao 15"
80-315,125,80,200,125,530,250,315,0506-B,330,660,490,540,90,1340,720,1220,"KSB Meganorm manual tecnico A2742.0P/8, secao 15"
80-315,125,80,225,125,530,250,315,0505-B,330,660,490,540,90,1520,800,1400,"KSB Meganorm manual tecnico A2742.0P/8, secao 15"
80-400,125,80,160M,125,530,280,355,0505-B,360,660,490,540,90,1520,800,1400,"KSB Meganorm manual tecnico A2742.0P/8, secao 15"
80-400,125,80,160L,125,530,280,355,0505-B,360,660,490,540,90,1520,800,1400,"KSB Meganorm manual tecnico A2742.0P/8, secao 15"
80-400,125,80,180,125,530,280,355,0505-B,360,660,490,540,90,1520,800,1400,"KSB Meganorm manual tecnico A2742.0P/8, secao 15"
80-400,125,80,200,125,530,280,355,0506-B,360,660,490,540,90,1340,720,1220,"KSB Meganorm manual tecnico A2742.0P/8, secao 15"
80-400,125,80,225,125,530,280,355,0505-B,360,660,490,540,90,1520,800,1400,"KSB Meganorm manual tecnico A2742.0P/8, secao 15"
100-160,125,100,100,125,500,200,280,0504-B,280,620,450,500,90,1150,590,1030,"KSB Meganorm manual tecnico A2742.0P/8, secao 15"
100-160,125,100,112,125,500,200,280,0504-B,280,620,450,500,90,1150,590,1030,"KSB Meganorm manual tecnico A2742.0P/8, secao 15"
100-160,125,100,132,125,500,200,280,0504-B,280,620,450,500,90,1150,590,1030,"KSB Meganorm manual tecnico A2742.0P/8, secao 15"
100-160,125,100,160,125,500,200,280,0505-B,280,660,490,540,90,1520,800,1400,"KSB Meganorm manual tecnico A2742.0P/8, secao 15"
100-160,125,100,180,125,500,200,280,0505-B,280,660,490,540,90,1520,800,1400,"KSB Meganorm manual tecnico A2742.0P/8, secao 15"
100-160,125,100,200,125,500,200,280,0505-B,280,660,490,540,90,1520,800,1400,"KSB Meganorm manual tecnico A2742.0P/8, secao 15"
100-160,125,100,225,125,500,200,280,0505-B,305,660,490,540,90,1520,800,1400,"KSB Meganorm manual tecnico A2742.0P/8, secao 15"
100-200,125,100,112,125,500,200,280,0504-B,280,620,450,500,90,1150,590,1030,"KSB Meganorm manual tecnico A2742.0P/8, secao 15"
100-200,125,100,132,125,500,200,280,0504-B,280,620,450,500,90,1150,590,1030,"KSB Meganorm manual tecnico A2742.0P/8, secao 15"
100-200,125,100,160,125,500,200,280,0505-B,280,660,490,540,90,1520,800,1400,"KSB Meganorm manual tecnico A2742.0P/8, secao 15"
100-200,125,100,180,125,500,200,280,0505-B,280,660,490,540,90,1520,800,1400,"KSB Meganorm manual tecnico A2742.0P/8, secao 15"
100-200,125,100,200,125,500,200,280,0505-B,280,660,490,540,90,1520,800,1400,"KSB Meganorm manual tecnico A2742.0P/8, secao 15"
100-200,125,100,225,125,500,200,280,0505-B,305,660,490,540,90,1520,800,1400,"KSB Meganorm manual tecnico A2742.0P/8, secao 15"
100-250,125,100,160,140,530,225,280,,,,,,,,,,"KSB Meganorm manual tecnico A2742.0P/8, secao 15"
100-250,125,100,180M,140,530,225,280,,,,,,,,,,"KSB Meganorm manual tecnico A2742.0P/8, secao 15"
100-250,125,100,180L,140,530,225,280,0508-B,,,,,,1470,750,1350,"KSB Meganorm manual tecnico A2742.0P/8, secao 15"
100-250,125,100,200,140,530,225,280,0508-B,,,,,,1470,750,1350,"KSB Meganorm manual tecnico A2742.0P/8, secao 15"
100-315,125,100,160,140,530,250,315,0507-B,350,720,550,600,110,1320,700,1200,"KSB Meganorm manual tecnico A2742.0P/8, secao 15"
100-315,125,100,180M,140,530,250,315,0507-B,350,720,550,600,110,1320,700,1200,"KSB Meganorm manual tecnico A2742.0P/8, secao 15"
100-315,125,100,180L,140,530,250,315,0508-B,350,720,550,600,110,1470,750,1350,"KSB Meganorm manual tecnico A2742.0P/8, secao 15"
100-315,125,100,200,140,530,250,315,0508-B,350,720,550,600,110,1470,750,1350,"KSB Meganorm manual tecnico A2742.0P/8, secao 15"
100-315,125,100,225,140,530,250,315,0508-B,350,720,550,600,110,1470,750,1350,"KSB Meganorm manual tecnico A2742.0P/8, secao 15"
100-400,125,100,160,140,530,280,355,0507-B,380,720,550,600,110,1320,700,1200,"KSB Meganorm manual tecnico A2742.0P/8, secao 15"
100-400,125,100,180M,140,530,280,355,0507-B,380,720,550,600,110,1320,700,1200,"KSB Meganorm manual tecnico A2742.0P/8, secao 15"
100-400,125,100,180L,140,530,280,355,0508-B,380,720,550,600,110,1470,750,1350,"KSB Meganorm manual tecnico A2742.0P/8, secao 15"
100-400,125,100,200,140,530,280,355,0508-B,380,720,550,600,110,1470,750,1350,"KSB Meganorm manual tecnico A2742.0P/8, secao 15"
100-400,125,100,225,140,530,280,355,0508-B,380,720,550,600,110,1470,750,1350,"KSB Meganorm manual tecnico A2742.0P/8, secao 15"
125-200,150,125,132,140,530,250,315,0507-B,350,720,550,600,110,1320,700,1200,"KSB Meganorm manual tecnico A2742.0P/8, secao 15"
125-200,150,125,160,140,530,250,315,0507-B,350,720,550,600,110,1320,700,1200,"KSB Meganorm manual tecnico A2742.0P/8, secao 15"
125-200,150,125,180M,140,530,250,315,0507-B,350,720,550,600,110,1320,700,1200,"KSB Meganorm manual tecnico A2742.0P/8, secao 15"
125-200,150,125,180L,140,530,250,315,0508-B,350,720,550,600,110,1470,750,1350,"KSB Meganorm manual tecnico A2742.0P/8, secao 15"
125-250,150,125,132S,140,530,250,355,0507-B,350,720,550,600,110,1320,700,1200,"KSB Meganorm manual tecnico A2742.0P/8, secao 15"
125-250,150,125,132M,140,530,250,355,0507-B,350,720,550,600,110,1320,700,1200,"KSB Meganorm manual tecnico A2742.0P/8, secao 15"
125-250,150,125,160,140,530,250,355,0507-B,350,720,550,600,110,1320,700,1200,"KSB Meganorm manual tecnico A2742.0P/8, secao 15"
125-250,150,125,180M,140,530,250,355,0507-B,350,720,550,600,110,1320,700,1200,"KSB Meganorm manual tecnico A2742.0P/8, secao 15"
125-250,150,125,180L,140,530,250,355,0508-B,350,720,550,600,110,1470,750,1350,"KSB Meganorm manual tecnico A2742.0P/8, secao 15"
125-250,150,125,200,140,530,250,355,0508-B,350,720,550,600,110,1470,750,1350,"KSB Meganorm manual tecnico A2742.0P/8, secao 15"
125-250,150,125,225,140,530,250,355,0508-B,350,720,550,600,110,1470,750,1350,"KSB Meganorm manual tecnico A2742.0P/8, secao 15"
125-315,150,125,160,140,530,280,355,0507-B,380,720,550,600,110,1320,700,1200,"KSB Meganorm manual tecnico A2742.0P/8, secao 15"
125-315,150,125,180M,140,530,280,355,0507-B,380,720,550,600,110,1320,700,1200,"KSB Meganorm manual tecnico A2742.0P/8, secao 15"
125-315,150,125,180L,140,530,280,355,0508-B,380,720,550,600,110,1470,750,1350,"KSB Meganorm manual tecnico A2742.0P/8, secao 15"
125-315,150,125,200,140,530,280,355,0508-B,380,720,550,600,110,1470,750,1350,"KSB Meganorm manual tecnico A2742.0P/8, secao 15"
125-315,150,125,225,140,530,280,355,0508-B,380,720,550,600,110,1470,750,1350,"KSB Meganorm manual tecnico A2742.0P/8, secao 15"
125-400,150,125,180L,140,530,315,400,0508-B,415,720,550,600,110,1470,750,1350,"KSB Meganorm manual tecnico A2742.0P/8, secao 15"
125-400,150,125,200,140,530,315,400,0508-B,415,720,550,600,110,1470,750,1350,"KSB Meganorm manual tecnico A2742.0P/8, secao 15"
125-400,150,125,225,140,530,315,400,0508-B,415,720,550,600,110,1470,750,1350,"KSB Meganorm manual tecnico A2742.0P/8, secao 15"
150-200,200,150,132M,160,530,280,400,0507-B,380,720,550,600,110,1320,700,1200,"KSB Meganorm manual tecnico A2742.0P/8, secao 15"
150-200,200,150,160M,160,530,280,400,0507-B,380,720,550,600,110,1320,700,1200,"KSB Meganorm manual tecnico A2742.0P/8, secao 15"
150-200,200,150,160L,160,530,280,400,0507-B,380,720,550,600,110,1320,700,1200,"KSB Meganorm manual tecnico A2742.0P/8, secao 15"
150-200,200,150,180M,160,530,280,400,0507-B,380,720,550,600,110,1320,700,1200,"KSB Meganorm manual tecnico A2742.0P/8, secao 15"
150-200,200,150,180L,160,530,280,400,0509-B,380,760,590,640,110,1660,840,1540,"KSB Meganorm manual tecnico A2742.0P/8, secao 15"
150-200,200,150,200,160,530,280,400,0509-B,380,760,590,640,110,1660,840,1540,"KSB Meganorm manual tecnico A2742.0P/8, secao 15"
150-250,200,150,160M,160,530,280,375,0507-B,380,720,550,600,110,1320,700,1200,"KSB Meganorm manual tecnico A2742.0P/8, secao 15"
150-250,200,150,160L,160,530,280,375,0507-B,380,720,550,600,110,1320,700,1200,"KSB Meganorm manual tecnico A2742.0P/8, secao 15"
150-250,200,150,180M,160,530,280,375,0507-B,380,720,550,600,110,1320,700,1200,"KSB Meganorm manual tecnico A2742.0P/8, secao 15"
150-250,200,150,180L,160,530,280,375,0509-B,380,760,590,640,110,1660,840,1540,"KSB Meganorm manual tecnico A2742.0P/8, secao 15"
150-250,200,150,200,160,530,280,375,0509-B,380,760,590,640,110,1660,840,1540,"KSB Meganorm manual tecnico A2742.0P/8, secao 15"
150-250,200,150,225,160,530,280,375,0509-B,380,760,590,640,110,1660,840,1540,"KSB Meganorm manual tecnico A2742.0P/8, secao 15"
150-315,200,150,200,160,670,315,400,0509-B,415,760,590,640,110,1660,840,1540,"KSB Meganorm manual tecnico A2742.0P/8, secao 15"
150-315,200,150,225,160,670,315,400,0509-B,415,760,590,640,110,1660,840,1540,"KSB Meganorm manual tecnico A2742.0P/8, secao 15"
150-400,200,150,200L,160,670,315,450,0509-B,415,760,590,640,110,1660,840,1540,"KSB Meganorm manual tecnico A2742.0P/8, secao 15"
150-400,200,150,225,160,670,315,450,0509-B,415,760,590,640,110,1660,840,1540,"KSB Meganorm manual tecnico A2742.0P/8, secao 15"
