familia,variante,dn_a_pol,dn_c_pol,cota,valor_mm,pagina
CURVA,90/4gomos,2,,C,223,1.07
CURVA,90/4gomos,2.5,,C,223,1.07
CURVA,90/4gomos,3,,C,223,1.07
CURVA,90/4gomos,4,,C,250,1.07
CURVA,90/4gomos,5,,C,193,1.07
CURVA,90/4gomos,6,,C,285,1.07
CURVA,90/4gomos,8,,C,335,1.07
CURVA,90/4gomos,10,,C,386,1.07
CURVA,90/4gomos,12,,C,385,1.07
CURVA,90/4gomos,14,,C,408,1.07
CURVA,90/4gomos,16,,C,501,1.07
CURVA,90/4gomos,18,,C,486,1.07
CURVA,90/4gomos,20,,C,495,1.07
CURVA,90/4gomos,24,,C,681,1.07
CURVA,90/4gomos,28,,C,715,1.07
CURVA,90/4gomos,32,,C,643,1.07
CURVA,90/4gomos,36,,C,851,1.07
CURVA,90/3gomos,2,,C,223,1.08
CURVA,90/3gomos,2.5,,C,223,1.08
CURVA,90/3gomos,3,,C,223,1.08
CURVA,90/3gomos,4,,C,250,1.08
CURVA,90/3gomos,5,,C,193,1.08
CURVA,90/3gomos,6,,C,285,1.08
CURVA,90/3gomos,8,,C,335,1.08
CURVA,90/3gomos,10,,C,386,1.08
CURVA,90/3gomos,12,,C,385,1.08
CURVA,90/3gomos,14,,C,408,1.08
CURVA,90/3gomos,16,,C,501,1.08
CURVA,90/3gomos,18,,C,486,1.08
CURVA,90/3gomos,20,,C,495,1.08
CURVA,90/3gomos,24,,C,681,1.08
CURVA,90/3gomos,28,,C,715,1.08
CURVA,90/3gomos,32,,C,643,1.08
CURVA,90/3gomos,36,,C,851,1.08
CURVA_SAIDA,90/4gomos,2,,C,223,1.09
CURVA_SAIDA,90/4gomos,2,,D,165,1.09
CURVA_SAIDA,90/4gomos,2.5,,C,223,1.09
CURVA_SAIDA,90/4gomos,2.5,,D,165,1.09
CURVA_SAIDA,90/4gomos,3,,C,223,1.09
CURVA_SAIDA,90/4gomos,3,,D,165,1.09
CURVA_SAIDA,90/4gomos,4,,C,250,1.09
CURVA_SAIDA,90/4gomos,4,,D,205,1.09
CURVA_SAIDA,90/4gomos,5,,C,193,1.09
CURVA_SAIDA,90/4gomos,5,,D,165,1.09
CURVA_SAIDA,90/4gomos,6,,C,285,1.09
CURVA_SAIDA,90/4gomos,6,,D,265,1.09
CURVA_SAIDA,90/4gomos,8,,C,335,1.09
CURVA_SAIDA,90/4gomos,8,,D,293,1.09
CURVA_SAIDA,90/4gomos,10,,C,386,1.09
CURVA_SAIDA,90/4gomos,10,,D,324,1.09
CURVA_SAIDA,90/4gomos,12,,C,385,1.09
CURVA_SAIDA,90/4gomos,12,,D,338,1.09
CURVA_SAIDA,90/4gomos,14,,C,408,1.09
CURVA_SAIDA,90/4gomos,14,,D,364,1.09
CURVA_SAIDA,90/4gomos,16,,C,501,1.09
CURVA_SAIDA,90/4gomos,16,,D,376,1.09
CURVA_SAIDA,90/4gomos,18,,C,486,1.09
CURVA_SAIDA,90/4gomos,18,,D,450,1.09
CURVA_SAIDA,90/4gomos,20,,C,495,1.09
CURVA_SAIDA,90/4gomos,20,,D,450,1.09
CURVA_SAIDA,90/4gomos,24,,C,681,1.09
CURVA_SAIDA,90/4gomos,24,,D,623,1.09
CURVA_SAIDA,90/4gomos,28,,C,715,1.09
CURVA_SAIDA,90/4gomos,28,,D,675,1.09
CURVA_SAIDA,90/4gomos,32,,C,803,1.09
CURVA_SAIDA,90/4gomos,32,,D,610,1.09
CURVA_SAIDA,90/4gomos,36,,C,851,1.09
CURVA_SAIDA,90/4gomos,36,,D,825,1.09
CURVA_SAIDA,90/3gomos,2,,C,223,1.10
CURVA_SAIDA,90/3gomos,2,,D,165,1.10
CURVA_SAIDA,90/3gomos,2.5,,C,223,1.10
CURVA_SAIDA,90/3gomos,2.5,,D,165,1.10
CURVA_SAIDA,90/3gomos,3,,C,223,1.10
CURVA_SAIDA,90/3gomos,3,,D,165,1.10
CURVA_SAIDA,90/3gomos,4,,C,250,1.10
CURVA_SAIDA,90/3gomos,4,,D,205,1.10
CURVA_SAIDA,90/3gomos,5,,C,193,1.10
CURVA_SAIDA,90/3gomos,5,,D,165,1.10
CURVA_SAIDA,90/3gomos,6,,C,285,1.10
CURVA_SAIDA,90/3gomos,6,,D,265,1.10
CURVA_SAIDA,90/3gomos,8,,C,335,1.10
CURVA_SAIDA,90/3gomos,8,,D,293,1.10
CURVA_SAIDA,90/3gomos,10,,C,386,1.10
CURVA_SAIDA,90/3gomos,10,,D,324,1.10
CURVA_SAIDA,90/3gomos,12,,C,385,1.10
CURVA_SAIDA,90/3gomos,12,,D,338,1.10
CURVA_SAIDA,90/3gomos,14,,C,408,1.10
CURVA_SAIDA,90/3gomos,14,,D,364,1.10
CURVA_SAIDA,90/3gomos,16,,C,501,1.10
CURVA_SAIDA,90/3gomos,16,,D,376,1.10
CURVA_SAIDA,90/3gomos,18,,C,486,1.10
CURVA_SAIDA,90/3gomos,18,,D,450,1.10
CURVA_SAIDA,90/3gomos,20,,C,495,1.10
CURVA_SAIDA,90/3gomos,20,,D,450,1.10
CURVA_SAIDA,90/3gomos,24,,C,681,1.10
CURVA_SAIDA,90/3gomos,24,,D,623,1.10
CURVA_SAIDA,90/3gomos,28,,C,715,1.10
CURVA_SAIDA,90/3gomos,28,,D,675,1.10
CURVA_SAIDA,90/3gomos,32,,C,803,1.10
CURVA_SAIDA,90/3gomos,32,,D,610,1.10
CURVA_SAIDA,90/3gomos,36,,C,851,1.10
CURVA_SAIDA,90/3gomos,36,,D,825,1.10
CURVA,60/3gomos,2,,C,394,2.01
CURVA,60/3gomos,2,,D,229,2.01
CURVA,60/3gomos,2.5,,C,394,2.01
CURVA,60/3gomos,2.5,,D,229,2.01
CURVA,60/3gomos,3,,C,394,2.01
CURVA,60/3gomos,3,,D,229,2.01
CURVA,60/3gomos,4,,C,372,2.01
CURVA,60/3gomos,4,,D,222,2.01
CURVA,60/3gomos,5,,C,260,2.01
CURVA,60/3gomos,5,,D,150,2.01
CURVA,60/3gomos,6,,C,350,2.01
CURVA,60/3gomos,6,,D,209,2.01
CURVA,60/3gomos,8,,C,393,2.01
CURVA,60/3gomos,8,,D,335,2.01
CURVA,60/3gomos,10,,C,424,2.01
CURVA,60/3gomos,10,,D,244,2.01
CURVA,60/3gomos,12,,C,425,2.01
CURVA,60/3gomos,12,,D,245,2.01
CURVA,60/3gomos,14,,C,445,2.01
CURVA,60/3gomos,14,,D,257,2.01
CURVA,60/3gomos,16,,C,455,2.01
CURVA,60/3gomos,16,,D,263,2.01
CURVA,60/3gomos,18,,C,516,2.01
CURVA,60/3gomos,18,,D,305,2.01
CURVA,60/3gomos,20,,C,506,2.01
CURVA,60/3gomos,20,,D,300,2.01
CURVA,60/3gomos,24,,C,721,2.01
CURVA,60/3gomos,24,,D,416,2.01
CURVA,60/3gomos,28,,C,762,2.01
CURVA,60/3gomos,28,,D,440,2.01
CURVA,60/3gomos,32,,C,627,2.01
CURVA,60/3gomos,32,,D,362,2.01
CURVA,60/3gomos,36,,C,912,2.01
CURVA,60/3gomos,36,,D,526,2.01
CURVA,60/2gomos,2,,C,394,2.02
CURVA,60/2gomos,2,,D,229,2.02
CURVA,60/2gomos,2.5,,C,394,2.02
CURVA,60/2gomos,2.5,,D,229,2.02
CURVA,60/2gomos,3,,C,394,2.02
CURVA,60/2gomos,3,,D,229,2.02
CURVA,60/2gomos,4,,C,372,2.02
CURVA,60/2gomos,4,,D,222,2.02
CURVA,60/2gomos,5,,C,260,2.02
CURVA,60/2gomos,5,,D,150,2.02
CURVA,60/2gomos,6,,C,350,2.02
CURVA,60/2gomos,6,,D,209,2.02
CURVA,60/2gomos,8,,C,393,2.02
CURVA,60/2gomos,8,,D,335,2.02
CURVA,60/2gomos,10,,C,424,2.02
CURVA,60/2gomos,10,,D,244,2.02
CURVA,60/2gomos,12,,C,425,2.02
CURVA,60/2gomos,12,,D,245,2.02
CURVA,60/2gomos,14,,C,445,2.02
CURVA,60/2gomos,14,,D,257,2.02
CURVA,60/2gomos,16,,C,455,2.02
CURVA,60/2gomos,16,,D,263,2.02
CURVA,60/2gomos,18,,C,516,2.02
CURVA,60/2gomos,18,,D,305,2.02
CURVA,60/2gomos,20,,C,506,2.02
CURVA,60/2gomos,20,,D,300,2.02
CURVA,60/2gomos,24,,C,721,2.02
CURVA,60/2gomos,24,,D,416,2.02
CURVA,60/2gomos,28,,C,762,2.02
CURVA,60/2gomos,28,,D,440,2.02
CURVA,60/2gomos,32,,C,627,2.02
CURVA,60/2gomos,32,,D,362,2.02
CURVA,60/2gomos,36,,C,912,2.02
CURVA,60/2gomos,36,,D,526,2.02
CURVA,45/3gomos,2,,C,352,2.03
CURVA,45/3gomos,2,,D,146,2.03
CURVA,45/3gomos,2.5,,C,352,2.03
CURVA,45/3gomos,2.5,,D,146,2.03
CURVA,45/3gomos,3,,C,352,2.03
CURVA,45/3gomos,3,,D,146,2.03
CURVA,45/3gomos,4,,C,343,2.03
CURVA,45/3gomos,4,,D,142,2.03
CURVA,45/3gomos,5,,C,270,2.03
CURVA,45/3gomos,5,,D,112,2.03
CURVA,45/3gomos,6,,C,275,2.03
CURVA,45/3gomos,6,,D,114,2.03
CURVA,45/3gomos,8,,C,466,2.03
CURVA,45/3gomos,8,,D,193,2.03
CURVA,45/3gomos,10,,C,461,2.03
CURVA,45/3gomos,10,,D,191,2.03
CURVA,45/3gomos,12,,C,512,2.03
CURVA,45/3gomos,12,,D,212,2.03
CURVA,45/3gomos,14,,C,489,2.03
CURVA,45/3gomos,14,,D,202,2.03
CURVA,45/3gomos,16,,C,471,2.03
CURVA,45/3gomos,16,,D,195,2.03
CURVA,45/3gomos,18,,C,420,2.03
CURVA,45/3gomos,18,,D,174,2.03
CURVA,45/3gomos,20,,C,452,2.03
CURVA,45/3gomos,20,,D,180,2.03
CURVA,45/3gomos,24,,C,441,2.03
CURVA,45/3gomos,24,,D,183,2.03
CURVA,45/3gomos,28,,C,451,2.03
CURVA,45/3gomos,28,,D,187,2.03
CURVA,45/3gomos,32,,C,508,2.03
CURVA,45/3gomos,32,,D,211,2.03
CURVA,45/3gomos,36,,C,558,2.03
CURVA,45/3gomos,36,,D,231,2.03
CURVA,45/2gomos,2,,C,352,2.04
CURVA,45/2gomos,2,,D,146,2.04
CURVA,45/2gomos,2.5,,C,352,2.04
CURVA,45/2gomos,2.5,,D,146,2.04
CURVA,45/2gomos,3,,C,352,2.04
CURVA,45/2gomos,3,,D,146,2.04
CURVA,45/2gomos,4,,C,343,2.04
CURVA,45/2gomos,4,,D,142,2.04
CURVA,45/2gomos,5,,C,270,2.04
CURVA,45/2gomos,5,,D,112,2.04
CURVA,45/2gomos,6,,C,275,2.04
CURVA,45/2gomos,6,,D,114,2.04
CURVA,45/2gomos,8,,C,466,2.04
CURVA,45/2gomos,8,,D,193,2.04
CURVA,45/2gomos,10,,C,461,2.04
CURVA,45/2gomos,10,,D,191,2.04
CURVA,45/2gomos,12,,C,512,2.04
CURVA,45/2gomos,12,,D,212,2.04
CURVA,45/2gomos,14,,C,489,2.04
CURVA,45/2gomos,14,,D,202,2.04
CURVA,45/2gomos,16,,C,471,2.04
CURVA,45/2gomos,16,,D,195,2.04
CURVA,45/2gomos,18,,C,420,2.04
CURVA,45/2gomos,18,,D,174,2.04
CURVA,45/2gomos,20,,C,452,2.04
CURVA,45/2gomos,20,,D,180,2.04
CURVA,45/2gomos,24,,C,441,2.04
CURVA,45/2gomos,24,,D,183,2.04
CURVA,45/2gomos,28,,C,451,2.04
CURVA,45/2gomos,28,,D,187,2.04
CURVA,45/2gomos,32,,C,508,2.04
CURVA,45/2gomos,32,,D,211,2.04
CURVA,45/2gomos,36,,C,558,2.04
CURVA,45/2gomos,36,,D,231,2.04
CURVA,30/2gomos,2,,C,208,2.05
CURVA,30/2gomos,2,,D,57,2.05
CURVA,30/2gomos,2.5,,C,208,2.05
CURVA,30/2gomos,2.5,,D,57,2.05
CURVA,30/2gomos,3,,C,208,2.05
CURVA,30/2gomos,3,,D,57,2.05
CURVA,30/2gomos,4,,C,278,2.05
CURVA,30/2gomos,4,,D,74,2.05
CURVA,30/2gomos,5,,C,203,2.05
CURVA,30/2gomos,5,,D,57,2.05
CURVA,30/2gomos,6,,C,377,2.05
CURVA,30/2gomos,6,,D,101,2.05
CURVA,30/2gomos,8,,C,370,2.05
CURVA,30/2gomos,8,,D,99,2.05
CURVA,30/2gomos,10,,C,367,2.05
CURVA,30/2gomos,10,,D,98,2.05
CURVA,30/2gomos,12,,C,371,2.05
CURVA,30/2gomos,12,,D,99,2.05
CURVA,30/2gomos,14,,C,382,2.05
CURVA,30/2gomos,14,,D,102,2.05
CURVA,30/2gomos,16,,C,278,2.05
CURVA,30/2gomos,16,,D,74,2.05
CURVA,30/2gomos,18,,C,354,2.05
CURVA,30/2gomos,18,,D,95,2.05
CURVA,30/2gomos,20,,C,472,2.05
CURVA,30/2gomos,20,,D,127,2.05
CURVA,30/2gomos,24,,C,317,2.05
CURVA,30/2gomos,24,,D,85,2.05
CURVA,30/2gomos,28,,C,385,2.05
CURVA,30/2gomos,28,,D,103,2.05
CURVA,30/2gomos,32,,C,453,2.05
CURVA,30/2gomos,32,,D,121,2.05
CURVA,30/2gomos,36,,C,521,2.05
CURVA,30/2gomos,36,,D,140,2.05
CURVA_DUPLA,"1,4m",3,,C,1380,2.06
CURVA_DUPLA,"1,4m",3,,D,1360,2.06
CURVA_DUPLA,"1,9m",3,,C,1310,2.06
CURVA_DUPLA,"1,9m",3,,D,1725,2.06
CURVA_DUPLA,"1,4m",4,,C,1260,2.06
CURVA_DUPLA,"1,4m",4,,D,1295,2.06
CURVA_DUPLA,"1,9m",4,,C,1510,2.06
CURVA_DUPLA,"1,9m",4,,D,1730,2.06
CURVA_DUPLA,"1,4m",5,,C,1370,2.06
CURVA_DUPLA,"1,4m",5,,D,1350,2.06
CURVA_DUPLA,"1,9m",5,,C,1657,2.06
CURVA_DUPLA,"1,9m",5,,D,1855,2.06
CURVA_DUPLA,"1,4m",6,,C,1370,2.06
CURVA_DUPLA,"1,4m",6,,D,1360,2.06
CURVA_DUPLA,"1,9m",6,,C,1620,2.06
CURVA_DUPLA,"1,9m",6,,D,1800,2.06
CURVA_DUPLA,"1,4m",8,,C,1290,2.06
CURVA_DUPLA,"1,4m",8,,D,1320,2.06
CURVA_DUPLA,"1,9m",8,,C,1550,2.06
CURVA_DUPLA,"1,9m",8,,D,1755,2.06
CURVA_DUPLA,"1,4m",10,,C,1380,2.06
CURVA_DUPLA,"1,4m",10,,D,1360,2.06
CURVA_DUPLA,"1,9m",10,,C,1630,2.06
CURVA_DUPLA,"1,9m",10,,D,1795,2.06
CURVA_DUPLA,"1,4m",12,,C,1355,2.06
CURVA_DUPLA,"1,4m",12,,D,1360,2.06
CURVA_DUPLA,"1,9m",12,,C,1605,2.06
CURVA_DUPLA,"1,9m",12,,D,1790,2.06
CURVA_DUPLA,"1,4m",14,,C,1390,2.06
CURVA_DUPLA,"1,4m",14,,D,1370,2.06
CURVA_DUPLA,"1,9m",14,,C,1640,2.06
CURVA_DUPLA,"1,9m",14,,D,1805,2.06
CURVA_DUPLA,"1,4m",16,,C,1501,2.06
CURVA_DUPLA,"1,4m",16,,D,1548,2.06
CURVA_DUPLA,"1,9m",16,,C,1760,2.06
CURVA_DUPLA,"1,9m",16,,D,1996,2.06
REDUCAO_CONCENTRICA,,1,1.25,E,150,2.07
REDUCAO_CONCENTRICA,,1,1.5,E,150,2.07
REDUCAO_CONCENTRICA,,1,2,E,150,2.07
REDUCAO_CONCENTRICA,,1,2.5,E,150,2.07
REDUCAO_CONCENTRICA,,1,3,E,150,2.07
REDUCAO_CONCENTRICA,,1,4,E,150,2.07
REDUCAO_CONCENTRICA,,1.25,1.5,E,150,2.07
REDUCAO_CONCENTRICA,,1.25,2,E,150,2.07
REDUCAO_CONCENTRICA,,1.25,2.5,E,150,2.07
REDUCAO_CONCENTRICA,,1.25,3,E,150,2.07
REDUCAO_CONCENTRICA,,1.25,4,E,150,2.07
REDUCAO_CONCENTRICA,,1.25,5,E,150,2.07
REDUCAO_CONCENTRICA,,1.5,2,E,150,2.07
REDUCAO_CONCENTRICA,,1.5,2.5,E,150,2.07
REDUCAO_CONCENTRICA,,1.5,3,E,150,2.07
REDUCAO_CONCENTRICA,,1.5,4,E,150,2.07
REDUCAO_CONCENTRICA,,1.5,5,E,150,2.07
REDUCAO_CONCENTRICA,,1.5,6,E,150,2.07
REDUCAO_CONCENTRICA,,2,2.5,E,150,2.08
REDUCAO_CONCENTRICA,,2,3,E,150,2.08
REDUCAO_CONCENTRICA,,2,4,E,150,2.08
REDUCAO_CONCENTRICA,,2,5,E,150,2.08
REDUCAO_CONCENTRICA,,2,6,E,150,2.08
REDUCAO_CONCENTRICA,,2,8,E,150,2.08
REDUCAO_CONCENTRICA,,2.5,3,E,150,2.08
REDUCAO_CONCENTRICA,,2.5,4,E,150,2.08
REDUCAO_CONCENTRICA,,2.5,5,E,150,2.08
REDUCAO_CONCENTRICA,,2.5,6,E,150,2.08
REDUCAO_CONCENTRICA,,2.5,8,E,150,2.08
REDUCAO_CONCENTRICA,,2.5,10,E,150,2.08
REDUCAO_CONCENTRICA,,3,4,E,150,2.08
REDUCAO_CONCENTRICA,,3,5,E,150,2.08
REDUCAO_CONCENTRICA,,3,6,E,150,2.08
REDUCAO_CONCENTRICA,,3,8,E,150,2.08
REDUCAO_CONCENTRICA,,3,10,E,150,2.08
REDUCAO_CONCENTRICA,,3,12,E,150,2.08
REDUCAO_CONCENTRICA,,4,5,E,150,2.08
REDUCAO_CONCENTRICA,,4,6,E,150,2.08
REDUCAO_CONCENTRICA,,4,8,E,150,2.08
REDUCAO_CONCENTRICA,,4,10,E,150,2.08
REDUCAO_CONCENTRICA,,4,12,E,150,2.08
REDUCAO_CONCENTRICA,,4,14,E,150,2.08
REDUCAO_CONCENTRICA,,5,6,E,150,2.09
REDUCAO_CONCENTRICA,,5,8,E,150,2.09
REDUCAO_CONCENTRICA,,5,10,E,150,2.09
REDUCAO_CONCENTRICA,,5,12,E,150,2.09
REDUCAO_CONCENTRICA,,5,14,E,150,2.09
REDUCAO_CONCENTRICA,,5,16,E,150,2.09
REDUCAO_CONCENTRICA,,6,8,E,150,2.09
REDUCAO_CONCENTRICA,,6,10,E,150,2.09
REDUCAO_CONCENTRICA,,6,12,E,150,2.09
REDUCAO_CONCENTRICA,,6,14,E,150,2.09
REDUCAO_CONCENTRICA,,6,16,E,150,2.09
REDUCAO_CONCENTRICA,,6,18,E,150,2.09
REDUCAO_CONCENTRICA,,8,10,E,160,2.09
REDUCAO_CONCENTRICA,,8,12,E,160,2.09
REDUCAO_CONCENTRICA,,8,14,E,160,2.09
REDUCAO_CONCENTRICA,,8,16,E,160,2.09
REDUCAO_CONCENTRICA,,8,18,E,160,2.09
REDUCAO_CONCENTRICA,,8,20,E,160,2.09
REDUCAO_CONCENTRICA,,10,12,E,150,2.09
REDUCAO_CONCENTRICA,,10,14,E,150,2.09
REDUCAO_CONCENTRICA,,10,16,E,150,2.09
REDUCAO_CONCENTRICA,,10,18,E,150,2.09
REDUCAO_CONCENTRICA,,10,20,E,150,2.09
REDUCAO_CONCENTRICA,,10,22,E,150,2.09
REDUCAO_CONCENTRICA,,12,14,E,150,2.10
REDUCAO_CONCENTRICA,,12,16,E,150,2.10
REDUCAO_CONCENTRICA,,12,18,E,150,2.10
REDUCAO_CONCENTRICA,,12,20,E,150,2.10
REDUCAO_CONCENTRICA,,12,22,E,150,2.10
REDUCAO_CONCENTRICA,,12,24,E,150,2.10
REDUCAO_CONCENTRICA,,14,16,E,150,2.10
REDUCAO_CONCENTRICA,,14,18,E,150,2.10
REDUCAO_CONCENTRICA,,14,20,E,150,2.10
REDUCAO_CONCENTRICA,,14,22,E,150,2.10
REDUCAO_CONCENTRICA,,14,24,E,150,2.10
REDUCAO_CONCENTRICA,,14,26,E,150,2.10
REDUCAO_CONCENTRICA,,16,18,E,150,2.10
REDUCAO_CONCENTRICA,,16,20,E,150,2.10
REDUCAO_CONCENTRICA,,16,22,E,150,2.10
REDUCAO_CONCENTRICA,,16,24,E,150,2.10
REDUCAO_CONCENTRICA,,16,26,E,150,2.10
REDUCAO_CONCENTRICA,,16,28,E,150,2.10
REDUCAO_CONCENTRICA,,18,20,E,150,2.10
REDUCAO_CONCENTRICA,,18,22,E,150,2.10
REDUCAO_CONCENTRICA,,18,24,E,150,2.10
REDUCAO_CONCENTRICA,,18,26,E,150,2.10
REDUCAO_CONCENTRICA,,18,28,E,150,2.10
REDUCAO_CONCENTRICA,,18,32,E,150,2.10
REDUCAO_CONCENTRICA,,20,22,E,150,3.01
REDUCAO_CONCENTRICA,,20,24,E,150,3.01
REDUCAO_CONCENTRICA,,20,26,E,150,3.01
REDUCAO_CONCENTRICA,,20,28,E,150,3.01
REDUCAO_CONCENTRICA,,20,32,E,150,3.01
REDUCAO_CONCENTRICA,,20,36,E,150,3.01
REDUCAO_CONCENTRICA,,22,24,E,150,3.01
REDUCAO_CONCENTRICA,,22,26,E,150,3.01
REDUCAO_CONCENTRICA,,22,28,E,150,3.01
REDUCAO_CONCENTRICA,,22,32,E,150,3.01
REDUCAO_CONCENTRICA,,22,36,E,150,3.01
REDUCAO_CONCENTRICA,,24,26,E,150,3.01
REDUCAO_CONCENTRICA,,24,28,E,150,3.01
REDUCAO_CONCENTRICA,,24,32,E,150,3.01
REDUCAO_CONCENTRICA,,24,36,E,150,3.01
REDUCAO_CONCENTRICA,,26,28,E,150,3.01
REDUCAO_CONCENTRICA,,26,32,E,150,3.01
REDUCAO_CONCENTRICA,,26,36,E,150,3.01
REDUCAO_CONCENTRICA,,28,32,E,150,3.01
REDUCAO_CONCENTRICA,,28,36,E,150,3.01
REDUCAO_CONCENTRICA,,32,36,E,150,3.01
REDUCAO_EXCENTRICA,,2,1.5,E,150,3.02
REDUCAO_EXCENTRICA,,2,1.25,E,150,3.02
REDUCAO_EXCENTRICA,,2.5,1.5,E,150,3.02
REDUCAO_EXCENTRICA,,2.5,1.25,E,150,3.02
REDUCAO_EXCENTRICA,,2.5,2,E,150,3.02
REDUCAO_EXCENTRICA,,3,1.5,E,150,3.02
REDUCAO_EXCENTRICA,,3,1.25,E,150,3.02
REDUCAO_EXCENTRICA,,3,2,E,150,3.02
REDUCAO_EXCENTRICA,,3,2.5,E,150,3.02
REDUCAO_EXCENTRICA,,4,1.5,E,150,3.02
REDUCAO_EXCENTRICA,,4,1.25,E,150,3.02
REDUCAO_EXCENTRICA,,4,2,E,150,3.02
REDUCAO_EXCENTRICA,,4,2.5,E,150,3.02
REDUCAO_EXCENTRICA,,4,3,E,200,3.02
REDUCAO_EXCENTRICA,,5,1.5,E,150,3.03
REDUCAO_EXCENTRICA,,5,1.25,E,150,3.03
REDUCAO_EXCENTRICA,,5,2,E,150,3.03
REDUCAO_EXCENTRICA,,5,2.5,E,150,3.03
REDUCAO_EXCENTRICA,,5,3,E,200,3.03
REDUCAO_EXCENTRICA,,5,4,E,200,3.03
REDUCAO_EXCENTRICA,,6,1.25,E,250,3.03
REDUCAO_EXCENTRICA,,6,2,E,250,3.03
REDUCAO_EXCENTRICA,,6,2.5,E,250,3.03
REDUCAO_EXCENTRICA,,6,3,E,250,3.03
REDUCAO_EXCENTRICA,,6,4,E,200,3.03
REDUCAO_EXCENTRICA,,6,5,E,200,3.03
REDUCAO_EXCENTRICA,,8,2,E,300,3.03
REDUCAO_EXCENTRICA,,8,2.5,E,300,3.03
REDUCAO_EXCENTRICA,,8,3,E,300,3.03
REDUCAO_EXCENTRICA,,8,4,E,300,3.03
REDUCAO_EXCENTRICA,,8,5,E,300,3.03
REDUCAO_EXCENTRICA,,8,6,E,200,3.03
REDUCAO_EXCENTRICA,,10,2.5,E,300,3.03
REDUCAO_EXCENTRICA,,10,3,E,300,3.03
REDUCAO_EXCENTRICA,,10,4,E,300,3.03
REDUCAO_EXCENTRICA,,10,5,E,300,3.03
REDUCAO_EXCENTRICA,,10,6,E,300,3.03
REDUCAO_EXCENTRICA,,10,8,E,300,3.03
REDUCAO_EXCENTRICA,,12,3,E,300,3.04
REDUCAO_EXCENTRICA,,12,4,E,300,3.04
REDUCAO_EXCENTRICA,,12,5,E,300,3.04
REDUCAO_EXCENTRICA,,12,6,E,300,3.04
REDUCAO_EXCENTRICA,,12,8,E,300,3.04
REDUCAO_EXCENTRICA,,12,10,E,300,3.04
REDUCAO_EXCENTRICA,,14,4,E,280,3.04
REDUCAO_EXCENTRICA,,14,5,E,280,3.04
REDUCAO_EXCENTRICA,,14,6,E,280,3.04
REDUCAO_EXCENTRICA,,14,8,E,300,3.04
REDUCAO_EXCENTRICA,,14,10,E,300,3.04
REDUCAO_EXCENTRICA,,14,12,E,300,3.04
REDUCAO_EXCENTRICA,,16,5,E,300,3.04
REDUCAO_EXCENTRICA,,16,6,E,300,3.04
REDUCAO_EXCENTRICA,,16,8,E,300,3.04
REDUCAO_EXCENTRICA,,16,10,E,300,3.04
REDUCAO_EXCENTRICA,,16,12,E,300,3.04
REDUCAO_EXCENTRICA,,16,14,E,300,3.04
REDUCAO_EXCENTRICA,,18,6,E,300,3.04
REDUCAO_EXCENTRICA,,18,8,E,300,3.04
REDUCAO_EXCENTRICA,,18,10,E,300,3.04
REDUCAO_EXCENTRICA,,18,12,E,300,3.04
REDUCAO_EXCENTRICA,,18,14,E,300,3.04
REDUCAO_EXCENTRICA,,18,16,E,300,3.04
REDUCAO_EXCENTRICA,,20,10,E,300,3.05
REDUCAO_EXCENTRICA,,20,12,E,300,3.05
REDUCAO_EXCENTRICA,,20,14,E,300,3.05
REDUCAO_EXCENTRICA,,20,16,E,300,3.05
REDUCAO_EXCENTRICA,,20,18,E,300,3.05
REDUCAO_EXCENTRICA,,24,14,E,350,3.05
REDUCAO_EXCENTRICA,,24,16,E,350,3.05
REDUCAO_EXCENTRICA,,24,18,E,350,3.05
REDUCAO_EXCENTRICA,,24,20,E,350,3.05
REDUCAO_EXCENTRICA,,28,18,E,350,3.05
REDUCAO_EXCENTRICA,,28,20,E,350,3.05
REDUCAO_EXCENTRICA,,28,24,E,350,3.05
REDUCAO_EXCENTRICA,,32,24,E,400,3.05
REDUCAO_EXCENTRICA,,32,28,E,400,3.05
REDUCAO_EXCENTRICA,,36,28,E,400,3.05
REDUCAO_EXCENTRICA,,36,32,E,400,3.05
TE,,2,2,E,1000,3.06
TE,,2,2,F,200,3.06
TE,,3,2,E,1000,3.06
TE,,3,2,F,200,3.06
TE,,3,3,E,1000,3.06
TE,,3,3,F,200,3.06
TE,,4,2,E,1000,3.06
TE,,4,2,F,200,3.06
TE,,4,3,E,1000,3.06
TE,,4,3,F,200,3.06
TE,,4,4,E,1000,3.06
TE,,4,4,F,200,3.06
TE,,5,2,E,1000,3.06
TE,,5,2,F,200,3.06
TE,,5,3,E,1000,3.06
TE,,5,3,F,200,3.06
TE,,5,4,E,1000,3.06
TE,,5,4,F,200,3.06
TE,,5,5,E,1000,3.06
TE,,5,5,F,200,3.06
TE,,6,2,E,1000,3.06
TE,,6,2,F,200,3.06
TE,,6,3,E,1000,3.06
TE,,6,3,F,200,3.06
TE,,6,4,E,1000,3.06
TE,,6,4,F,200,3.06
TE,,6,5,E,1000,3.06
TE,,6,5,F,200,3.06
TE,,6,6,E,1000,3.06
TE,,6,6,F,200,3.06
TE,,8,2,E,1000,3.07
TE,,8,2,F,220,3.07
TE,,8,3,E,1000,3.07
TE,,8,3,F,220,3.07
TE,,8,4,E,1000,3.07
TE,,8,4,F,220,3.07
TE,,8,5,E,1000,3.07
TE,,8,5,F,220,3.07
TE,,8,6,E,1000,3.07
TE,,8,6,F,220,3.07
TE,,8,8,E,1000,3.07
TE,,8,8,F,220,3.07
TE,,10,2,E,1000,3.07
TE,,10,2,F,275,3.07
TE,,10,3,E,1000,3.07
TE,,10,3,F,275,3.07
TE,,10,4,E,1000,3.07
TE,,10,4,F,280,3.07
TE,,10,5,E,1000,3.07
TE,,10,5,F,280,3.07
TE,,10,6,E,1000,3.07
TE,,10,6,F,280,3.07
TE,,10,8,E,1000,3.07
TE,,10,8,F,280,3.07
TE,,10,10,E,1000,3.07
TE,,10,10,F,320,3.07
TE,,12,2,E,1000,3.07
TE,,12,2,F,275,3.07
TE,,12,3,E,1000,3.07
TE,,12,3,F,275,3.07
TE,,12,4,E,1000,3.07
TE,,12,4,F,310,3.07
TE,,12,5,E,1000,3.07
TE,,12,5,F,310,3.07
TE,,12,6,E,1000,3.07
TE,,12,6,F,310,3.07
TE,,12,8,E,1000,3.07
TE,,12,8,F,310,3.07
TE,,12,12,E,1000,3.07
TE,,12,12,F,310,3.07
TE,,14,2,E,1000,3.07
TE,,14,2,F,350,3.07
TE,,14,3,E,1000,3.07
TE,,14,3,F,350,3.07
TE,,14,4,E,1000,3.07
TE,,14,4,F,360,3.07
TE,,14,5,E,1000,3.07
TE,,14,5,F,360,3.07
TE,,14,6,E,1000,3.07
TE,,14,6,F,360,3.07
TE,,14,8,E,1000,3.07
TE,,14,8,F,360,3.07
TE,,14,14,E,1000,3.07
TE,,14,14,F,360,3.07
TE,,16,2,E,1000,3.08
TE,,16,2,F,300,3.08
TE,,16,3,E,1000,3.08
TE,,16,3,F,300,3.08
TE,,16,4,E,1000,3.08
TE,,16,4,F,300,3.08
TE,,16,5,E,1000,3.08
TE,,16,5,F,350,3.08
TE,,16,6,E,1000,3.08
TE,,16,6,F,350,3.08
TE,,16,8,E,1000,3.08
TE,,16,8,F,350,3.08
TE,,16,16,E,1000,3.08
TE,,16,16,F,360,3.08
TE,,18,2,E,1000,3.08
TE,,18,2,F,300,3.08
TE,,18,3,E,1000,3.08
TE,,18,3,F,300,3.08
TE,,18,4,E,1000,3.08
TE,,18,4,F,300,3.08
TE,,18,5,E,1000,3.08
TE,,18,5,F,300,3.08
TE,,18,6,E,1000,3.08
TE,,18,6,F,300,3.08
TE,,18,8,E,1000,3.08
TE,,18,8,F,300,3.08
TE,,18,18,E,1000,3.08
TE,,18,18,F,300,3.08
TE,,20,2,E,1000,3.08
TE,,20,2,F,300,3.08
TE,,20,3,E,1000,3.08
TE,,20,3,F,300,3.08
TE,,20,4,E,1000,3.08
TE,,20,4,F,300,3.08
TE,,20,5,E,1000,3.08
TE,,20,5,F,300,3.08
TE,,20,6,E,1000,3.08
TE,,20,6,F,300,3.08
TE,,20,8,E,1000,3.08
TE,,20,8,F,300,3.08
TE,,20,20,E,1000,3.08
TE,,20,20,F,300,3.08
TE,,24,2,E,1200,3.08
TE,,24,2,F,300,3.08
TE,,24,3,E,1200,3.08
TE,,24,3,F,300,3.08
TE,,24,4,E,1200,3.08
TE,,24,4,F,300,3.08
TE,,24,5,E,1200,3.08
TE,,24,5,F,300,3.08
TE,,24,6,E,1200,3.08
TE,,24,6,F,300,3.08
TE,,24,8,E,1200,3.08
TE,,24,8,F,300,3.08
TE,,24,24,E,1200,3.08
TE,,24,24,F,300,3.08
TE,,28,2,E,1400,3.09
TE,,28,2,F,300,3.09
TE,,28,3,E,1400,3.09
TE,,28,3,F,300,3.09
TE,,28,4,E,1400,3.09
TE,,28,4,F,300,3.09
TE,,28,5,E,1400,3.09
TE,,28,5,F,300,3.09
TE,,28,6,E,1400,3.09
TE,,28,6,F,300,3.09
TE,,28,8,E,1400,3.09
TE,,28,8,F,300,3.09
TE,,28,28,E,1400,3.09
TE,,28,28,F,300,3.09
TE,,32,2,E,1600,3.09
TE,,32,2,F,300,3.09
TE,,32,3,E,1600,3.09
TE,,32,3,F,300,3.09
TE,,32,4,E,1600,3.09
TE,,32,4,F,300,3.09
TE,,32,5,E,1600,3.09
TE,,32,5,F,300,3.09
TE,,32,6,E,1600,3.09
TE,,32,6,F,300,3.09
TE,,32,8,E,1600,3.09
TE,,32,8,F,300,3.09
TE,,32,32,E,1600,3.09
TE,,32,32,F,300,3.09
TE,,36,2,E,1800,3.09
TE,,36,2,F,350,3.09
TE,,36,3,E,1800,3.09
TE,,36,3,F,350,3.09
TE,,36,4,E,1800,3.09
TE,,36,4,F,350,3.09
TE,,36,5,E,1800,3.09
TE,,36,5,F,350,3.09
TE,,36,6,E,1800,3.09
TE,,36,6,F,350,3.09
TE,,36,8,E,1800,3.09
TE,,36,8,F,350,3.09
TE,,36,36,E,1800,3.09
TE,,36,36,F,350,3.09
TE_45,,4,,C,1000,3.10
TE_45,,4,,D,345,3.10
TE_45,,5,,C,1000,3.10
TE_45,,5,,D,345,3.10
TE_45,,6,,C,1000,3.10
TE_45,,6,,D,345,3.10
TE_45,,8,,C,1000,3.10
TE_45,,8,,D,365,3.10
TE_45,,10,,C,1000,3.10
TE_45,,10,,D,390,3.10
TE_45,,12,,C,1000,3.10
TE_45,,12,,D,460,3.10
TE_45,,14,,C,1000,3.10
TE_45,,14,,D,530,3.10
TE_45,,16,,C,1000,3.10
TE_45,,16,,D,550,3.10
TE_45,,18,,C,1000,3.10
TE_45,,18,,D,525,3.10
TE_45,,20,,C,1300,3.10
TE_45,,20,,D,854,3.10
TE_45,,24,,C,1400,3.10
TE_45,,24,,D,1060,3.10
Y,,6,1.5,E,820,4.01
Y,,6,1.5,F,510,4.01
Y,,6,2,E,820,4.01
Y,,6,2,F,510,4.01
Y,,6,2.5,E,820,4.01
Y,,6,2.5,F,510,4.01
Y,,6,3,E,820,4.01
Y,,6,3,F,510,4.01
Y,,6,4,E,820,4.01
Y,,6,4,F,510,4.01
Y,,6,5,E,820,4.01
Y,,6,5,F,510,4.01
Y,,6,6,E,820,4.01
Y,,6,6,F,510,4.01
Y,,8,2,E,830,4.01
Y,,8,2,F,506,4.01
Y,,8,2.5,E,830,4.01
Y,,8,2.5,F,506,4.01
Y,,8,3,E,830,4.01
Y,,8,3,F,506,4.01
Y,,8,4,E,830,4.01
Y,,8,4,F,506,4.01
Y,,8,5,E,1000,4.01
Y,,8,5,F,515,4.01
Y,,8,6,E,860,4.01
Y,,8,6,F,510,4.01
Y,,8,8,E,830,4.01
Y,,8,8,F,506,4.01
Y,,10,2.5,E,900,4.02
Y,,10,2.5,F,575,4.02
Y,,10,3,E,900,4.02
Y,,10,3,F,575,4.02
Y,,10,4,E,900,4.02
Y,,10,4,F,575,4.02
Y,,10,5,E,900,4.02
Y,,10,5,F,575,4.02
Y,,10,6,E,850,4.02
Y,,10,6,F,510,4.02
Y,,10,8,E,875,4.02
Y,,10,8,F,510,4.02
Y,,10,10,E,900,4.02
Y,,10,10,F,575,4.02
Y,,12,3,E,970,4.02
Y,,12,3,F,630,4.02
Y,,12,4,E,970,4.02
Y,,12,4,F,630,4.02
Y,,12,5,E,970,4.02
Y,,12,5,F,630,4.02
Y,,12,6,E,970,4.02
Y,,12,6,F,630,4.02
Y,,12,8,E,875,4.02
Y,,12,8,F,510,4.02
Y,,12,10,E,928,4.02
Y,,12,10,F,575,4.02
Y,,12,12,E,970,4.02
Y,,12,12,F,630,4.02
Y,,14,4,E,980,4.02
Y,,14,4,F,667,4.02
Y,,14,5,E,980,4.02
Y,,14,5,F,667,4.02
Y,,14,6,E,980,4.02
Y,,14,6,F,667,4.02
Y,,14,8,E,875,4.02
Y,,14,8,F,510,4.02
Y,,14,10,E,928,4.02
Y,,14,10,F,575,4.02
Y,,14,12,E,1000,4.02
Y,,14,12,F,630,4.02
Y,,14,14,E,980,4.02
Y,,14,14,F,667,4.02
Y,,16,5,E,1267,4.02
Y,,16,5,F,800,4.02
Y,,16,6,E,1267,4.02
Y,,16,6,F,800,4.02
Y,,16,8,E,1267,4.02
Y,,16,8,F,800,4.02
Y,,16,10,E,1267,4.02
Y,,16,10,F,800,4.02
Y,,16,12,E,1267,4.02
Y,,16,12,F,800,4.02
Y,,16,14,E,1267,4.02
Y,,16,14,F,800,4.02
Y,,16,16,E,1267,4.02
Y,,16,16,F,800,4.02
Y,,18,6,E,1300,4.03
Y,,18,6,F,900,4.03
Y,,18,8,E,1300,4.03
Y,,18,8,F,900,4.03
Y,,18,10,E,1300,4.03
Y,,18,10,F,900,4.03
Y,,18,12,E,1300,4.03
Y,,18,12,F,900,4.03
Y,,18,14,E,1300,4.03
Y,,18,14,F,900,4.03
Y,,18,16,E,1300,4.03
Y,,18,16,F,900,4.03
Y,,18,18,E,1300,4.03
Y,,18,18,F,900,4.03
Y,,20,8,E,1400,4.03
Y,,20,8,F,1000,4.03
Y,,20,10,E,1400,4.03
Y,,20,10,F,1000,4.03
Y,,20,12,E,1400,4.03
Y,,20,12,F,1000,4.03
Y,,20,14,E,1400,4.03
Y,,20,14,F,1000,4.03
Y,,20,16,E,1400,4.03
Y,,20,16,F,1000,4.03
Y,,20,18,E,1400,4.03
Y,,20,18,F,1000,4.03
Y,,20,20,E,1400,4.03
Y,,20,20,F,1000,4.03
Y_45,,2,,C,227,4.04
Y_45,,2,,D,212,4.04
Y_45,,2.5,,C,227,4.04
Y_45,,2.5,,D,212,4.04
Y_45,,3,,C,227,4.04
Y_45,,3,,D,212,4.04
Y_45,,4,,C,227,4.04
Y_45,,4,,D,212,4.04
Y_45,,5,,C,240,4.04
Y_45,,5,,D,230,4.04
Y_45,,6,,C,375,4.04
Y_45,,6,,D,400,4.04
Y_45,,8,,C,380,4.04
Y_45,,8,,D,400,4.04
Y_45,,10,,C,430,4.04
Y_45,,10,,D,430,4.04
Y_45,,12,,C,450,4.04
Y_45,,12,,D,450,4.04
Y_45,,14,,C,450,4.04
Y_45,,14,,D,454,4.04
Y_45,,16,,C,470,4.04
Y_45,,16,,D,470,4.04
Y_45,,18,,C,594,4.04
Y_45,,18,,D,600,4.04
Y_45,,20,,C,520,4.04
Y_45,,20,,D,520,4.04
Y_45,,24,,C,884,4.04
Y_45,,24,,D,919,4.04
Y_45,,28,,C,990,4.04
Y_45,,28,,D,990,4.04
Y_45,,32,,C,1046,4.04
Y_45,,32,,D,1061,4.04
Y_45,,36,,C,1102,4.04
Y_45,,36,,D,1131,4.04
MANIFOLD,,6,,C,1050,4.05
MANIFOLD,,6,,D,750,4.05
MANIFOLD,,6,,E,300,4.05
MANIFOLD,,6,,F,780,4.05
MANIFOLD,,8,,C,1068,4.05
MANIFOLD,,8,,D,830,4.05
MANIFOLD,,8,,E,313,4.05
MANIFOLD,,8,,F,813,4.05
MANIFOLD,,10,,C,1321,4.05
MANIFOLD,,10,,D,900,4.05
MANIFOLD,,10,,E,323,4.05
MANIFOLD,,10,,F,1016,4.05
MANIFOLD,,12,,C,1580,4.05
MANIFOLD,,12,,D,970,4.05
MANIFOLD,,12,,E,333,4.05
MANIFOLD,,12,,F,1220,4.05
MANIFOLD,,14,,C,1818,4.05
MANIFOLD,,14,,D,980,4.05
MANIFOLD,,14,,E,312,4.05
MANIFOLD,,14,,F,1413,4.05
MANIFOLD,,16,,C,2000,4.05
MANIFOLD,,16,,D,1100,4.05
MANIFOLD,,16,,E,350,4.05
MANIFOLD,,16,,F,1500,4.05
MANIFOLD,,18,,C,2300,4.05
MANIFOLD,,18,,D,1150,4.05
MANIFOLD,,18,,E,350,4.05
MANIFOLD,,18,,F,1750,4.05
MANIFOLD,,20,,C,2600,4.05
MANIFOLD,,20,,D,1200,4.05
MANIFOLD,,20,,E,350,4.05
MANIFOLD,,20,,F,2000,4.05
CRUZETA,,2,,C,500,4.06
CRUZETA,,2,,D,500,4.06
CRUZETA,,2.5,,C,500,4.06
CRUZETA,,2.5,,D,500,4.06
CRUZETA,,3,,C,500,4.06
CRUZETA,,3,,D,500,4.06
CRUZETA,,4,,C,1000,4.06
CRUZETA,,4,,D,1000,4.06
CRUZETA,,5,,C,1000,4.06
CRUZETA,,5,,D,1000,4.06
CRUZETA,,6,,C,1000,4.06
CRUZETA,,6,,D,1000,4.06
CRUZETA,,8,,C,1000,4.06
CRUZETA,,8,,D,1000,4.06
CRUZETA,,10,,C,1000,4.06
CRUZETA,,10,,D,1000,4.06
CRUZETA,,12,,C,1000,4.06
CRUZETA,,12,,D,1000,4.06
CRUZETA,,14,,C,1000,4.06
CRUZETA,,14,,D,1000,4.06
CRUZETA,,16,,C,1000,4.06
CRUZETA,,16,,D,1000,4.06
CRUZETA,,18,,C,1000,4.06
CRUZETA,,18,,D,1000,4.06
CRUZETA,,20,,C,1000,4.06
CRUZETA,,20,,D,1000,4.06
CRUZETA,,24,,C,1200,4.06
CRUZETA,,24,,D,1200,4.06
CRUZETA,,28,,C,1400,4.06
CRUZETA,,28,,D,1400,4.06
CRUZETA,,32,,C,1600,4.06
CRUZETA,,32,,D,1600,4.06
CRUZETA,,36,,C,1800,4.06
CRUZETA,,36,,D,1800,4.06
CRIVO,,2,,C,300,4.07
CRIVO,,2.5,,C,300,4.07
CRIVO,,3,,C,300,4.07
CRIVO,,4,,C,300,4.07
CRIVO,,5,,C,300,4.07
CRIVO,,6,,C,300,4.07
CRIVO,,8,,C,300,4.07
CRIVO,,10,,C,300,4.07
CRIVO,,12,,C,300,4.07
CRIVO,,14,,C,300,4.07
CRIVO,,16,,C,300,4.07
CRIVO,,18,,C,300,4.07
CRIVO,,20,,C,300,4.07
CRIVO,,24,,C,350,4.07
CRIVO,,28,,C,400,4.07
CRIVO,,32,,C,500,4.07
CRIVO,,36,,C,600,4.07
ARTICULADOR,,3,,C_tubo,300,4.08
ARTICULADOR,,3,,D_conjunto,900,4.08
ARTICULADOR,,4,,C_tubo,300,4.08
ARTICULADOR,,4,,D_conjunto,900,4.08
ARTICULADOR,,5,,C_tubo,300,4.08
ARTICULADOR,,5,,D_conjunto,900,4.08
ARTICULADOR,,6,,C_tubo,300,4.08
ARTICULADOR,,6,,D_conjunto,900,4.08
ARTICULADOR,,8,,C_tubo,300,4.08
ARTICULADOR,,8,,D_conjunto,900,4.08
ARTICULADOR,,10,,C_tubo,300,4.08
ARTICULADOR,,10,,D_conjunto,900,4.08
ARTICULADOR,,12,,C_tubo,300,4.08
ARTICULADOR,,12,,D_conjunto,900,4.08
ARTICULADOR,,14,,C_tubo,300,4.08
ARTICULADOR,,14,,D_conjunto,900,4.08
ARTICULADOR,,16,,C_tubo,300,4.08
ARTICULADOR,,16,,D_conjunto,900,4.08
ANCORAGEM,,4,,C,640,4.09
ANCORAGEM,,5,,C,640,4.09
ANCORAGEM,,6,,C,640,4.09
ANCORAGEM,,6,,C,640,4.09
ANCORAGEM,,8,,C,720,4.09
ANCORAGEM,,10,,C,960,4.09
ANCORAGEM,,12,,C,1050,4.09
ANCORAGEM,,16,,C,1300,4.09
ANCORAGEM,,18,,C,1300,4.09
ANCORAGEM,,20,,C,1500,4.09
ANCORAGEM_MEIA_LUA,,3,,C_altura,600,4.10
ANCORAGEM_MEIA_LUA,,4,,C_altura,600,4.10
ANCORAGEM_MEIA_LUA,,5,,C_altura,600,4.10
ANCORAGEM_MEIA_LUA,,6,,C_altura,600,4.10
ANCORAGEM_MEIA_LUA,,8,,C_altura,600,4.10
ANCORAGEM_MEIA_LUA,,10,,C_altura,600,4.10
ANCORAGEM_MEIA_LUA,,12,,C_altura,600,4.10
ANCORAGEM_MEIA_LUA,,14,,C_altura,600,4.10
ANCORAGEM_MEIA_LUA,,16,,C_altura,600,4.10
ANCORAGEM_MEIA_LUA,,18,,C_altura,600,4.10
ANCORAGEM_MEIA_LUA,,20,,C_altura,600,4.10
ADAPTADOR_ESPIGAO,,3,,C,300,5.01
ADAPTADOR_ESPIGAO,,4,,C,300,5.01
ADAPTADOR_ESPIGAO,,5,,C,300,5.01
ADAPTADOR_ESPIGAO,,6,,C,300,5.01
ADAPTADOR_ESPIGAO,,8,,C,300,5.01
PECA_TRANSICAO_NIPLE,,1,,C,60,5.02
PECA_TRANSICAO_NIPLE,,1.25,,C,60,5.02
PECA_TRANSICAO_NIPLE,,1.5,,C,60,5.02
PECA_TRANSICAO_NIPLE,,2,,C,60,5.02
PECA_TRANSICAO_NIPLE,,2.5,,C,60,5.02
PECA_TRANSICAO_NIPLE,,3,,C,60,5.02
PECA_TRANSICAO_NIPLE,,4,,C,60,5.02
PECA_TRANSICAO_NIPLE,,5,,C,60,5.02
PECA_TRANSICAO_NIPLE,,6,,C,60,5.02
PECA_TRANSICAO_LUVA,,1,,C,60,5.03
PECA_TRANSICAO_LUVA,,1.25,,C,60,5.03
PECA_TRANSICAO_LUVA,,1.5,,C,60,5.03
PECA_TRANSICAO_LUVA,,2,,C,60,5.03
PECA_TRANSICAO_LUVA,,2.5,,C,60,5.03
PECA_TRANSICAO_LUVA,,3,,C,60,5.03
PECA_TRANSICAO_LUVA,,4,,C,60,5.03
PECA_TRANSICAO_LUVA,,5,,C,60,5.03
PECA_TRANSICAO_LUVA,,6,,C,60,5.03
