fonte,familia,variante,dn_pol,dn_menor_pol,significado,valor_mm,amostras,divergentes
ARAD,MEDIDOR,,2,,face_a_face_mm,200,1,0
ARAD,MEDIDOR,,2,,largura_mm,165,1,0
ARAD,MEDIDOR,,2,,altura_total_mm,239,1,0
ARAD,MEDIDOR,,2,,altura_abaixo_mm,70,1,0
ARAD,MEDIDOR,,2.5,,face_a_face_mm,200,1,0
ARAD,MEDIDOR,,2.5,,largura_mm,185,1,0
ARAD,MEDIDOR,,2.5,,altura_total_mm,254,1,0
ARAD,MEDIDOR,,2.5,,altura_abaixo_mm,84,1,0
ARAD,MEDIDOR,,3,,face_a_face_mm,230,1,0
ARAD,MEDIDOR,,3,,largura_mm,200,1,0
ARAD,MEDIDOR,,3,,altura_total_mm,259,1,0
ARAD,MEDIDOR,,3,,altura_abaixo_mm,90,1,0
ARAD,MEDIDOR,,4,,face_a_face_mm,250,1,0
ARAD,MEDIDOR,,4,,largura_mm,220,1,0
ARAD,MEDIDOR,,4,,altura_total_mm,275,1,0
ARAD,MEDIDOR,,4,,altura_abaixo_mm,106,1,0
ARAD,MEDIDOR,,6,,face_a_face_mm,300,1,0
ARAD,MEDIDOR,,6,,largura_mm,285,1,0
ARAD,MEDIDOR,,6,,altura_total_mm,344,1,0
ARAD,MEDIDOR,,6,,altura_abaixo_mm,130,1,0
ARAD,MEDIDOR,,8,,face_a_face_mm,350,1,0
ARAD,MEDIDOR,,8,,largura_mm,340,1,0
ARAD,MEDIDOR,,8,,altura_total_mm,377,1,0
ARAD,MEDIDOR,,8,,altura_abaixo_mm,158,1,0
ARAD,MEDIDOR,,10,,face_a_face_mm,450,1,0
ARAD,MEDIDOR,,10,,largura_mm,405,1,0
ARAD,MEDIDOR,,10,,altura_total_mm,463,1,0
ARAD,MEDIDOR,,10,,altura_abaixo_mm,258,1,0
ARAD,MEDIDOR,,12,,face_a_face_mm,500,1,0
ARAD,MEDIDOR,,12,,largura_mm,489,1,0
ARAD,MEDIDOR,,12,,altura_total_mm,505,1,0
ARAD,MEDIDOR,,12,,altura_abaixo_mm,330,1,0
DOROT,VALVULA_HIDRAULICA,47,2,,face_a_face_mm,203,1,0
DOROT,VALVULA_HIDRAULICA,47,2,,altura_total_mm,169,1,0
DOROT,VALVULA_HIDRAULICA,47,2.5,,face_a_face_mm,214,1,0
DOROT,VALVULA_HIDRAULICA,47,2.5,,altura_total_mm,188,1,0
DOROT,VALVULA_HIDRAULICA,47,3,,face_a_face_mm,285,1,0
DOROT,VALVULA_HIDRAULICA,47,3,,altura_total_mm,203,1,0
DOROT,VALVULA_HIDRAULICA,47,4,,face_a_face_mm,307,1,0
DOROT,VALVULA_HIDRAULICA,47,4,,altura_total_mm,232,1,0
DOROT,VALVULA_HIDRAULICA,47,6,,face_a_face_mm,390,1,0
DOROT,VALVULA_HIDRAULICA,47,6,,altura_total_mm,360,1,0
DOROT,VALVULA_HIDRAULICA,47,8,,face_a_face_mm,462,1,0
DOROT,VALVULA_HIDRAULICA,47,8,,altura_total_mm,381,1,0
DOROT,VALVULA_HIDRAULICA,47,10,,face_a_face_mm,540,1,0
DOROT,VALVULA_HIDRAULICA,47,10,,altura_total_mm,458,1,0
DOROT,VALVULA_HIDRAULICA,47,12,,face_a_face_mm,587,1,0
DOROT,VALVULA_HIDRAULICA,47,12,,altura_total_mm,495,1,0
DOROT,VALVULA_HIDRAULICA,47,14,,face_a_face_mm,580,1,0
DOROT,VALVULA_HIDRAULICA,47,14,,altura_total_mm,495,1,0
DOROT,VALVULA_HIDRAULICA,47,16,,face_a_face_mm,755,1,0
DOROT,VALVULA_HIDRAULICA,47,16,,altura_total_mm,830,1,0
DOROT,VALVULA_HIDRAULICA,47,20,,face_a_face_mm,900,1,0
DOROT,VALVULA_HIDRAULICA,47,20,,altura_total_mm,970,1,0
DOROT,VALVULA_HIDRAULICA,47,24,,face_a_face_mm,900,1,0
DOROT,VALVULA_HIDRAULICA,47,24,,altura_total_mm,970,1,0
DOROT,VALVULA_HIDRAULICA,67,2,,face_a_face_mm,233,1,0
DOROT,VALVULA_HIDRAULICA,67,2,,altura_total_mm,175,1,0
DOROT,VALVULA_HIDRAULICA,67,3,,face_a_face_mm,310,1,0
DOROT,VALVULA_HIDRAULICA,67,3,,altura_total_mm,237,1,0
DOROT,VALVULA_HIDRAULICA,67,4,,face_a_face_mm,356,1,0
DOROT,VALVULA_HIDRAULICA,67,4,,altura_total_mm,265,1,0
DOROT,VALVULA_HIDRAULICA,67,6,,face_a_face_mm,436,1,0
DOROT,VALVULA_HIDRAULICA,67,6,,altura_total_mm,378,1,0
DOROT,VALVULA_HIDRAULICA,67,8,,face_a_face_mm,530,1,0
DOROT,VALVULA_HIDRAULICA,67,8,,altura_total_mm,481,1,0
DOROT,VALVULA_HIDRAULICA,67,10,,face_a_face_mm,636,1,0
DOROT,VALVULA_HIDRAULICA,67,10,,altura_total_mm,546,1,0
DOROT,VALVULA_HIDRAULICA,67,16,,face_a_face_mm,755,1,0
DOROT,VALVULA_HIDRAULICA,67,16,,altura_total_mm,830,1,0
DOROT,VALVULA_HIDRAULICA,67,20,,face_a_face_mm,900,1,0
DOROT,VALVULA_HIDRAULICA,67,20,,altura_total_mm,970,1,0
DOROT,VALVULA_HIDRAULICA,67,24,,face_a_face_mm,900,1,0
DOROT,VALVULA_HIDRAULICA,67,24,,altura_total_mm,970,1,0
DOROT,VALVULA_HIDRAULICA,77,2,,face_a_face_mm,203,1,0
DOROT,VALVULA_HIDRAULICA,77,2,,altura_total_mm,169,1,0
DOROT,VALVULA_HIDRAULICA,77,2.5,,face_a_face_mm,214,1,0
DOROT,VALVULA_HIDRAULICA,77,2.5,,altura_total_mm,188,1,0
DOROT,VALVULA_HIDRAULICA,77,3,,face_a_face_mm,285,1,0
DOROT,VALVULA_HIDRAULICA,77,3,,altura_total_mm,203,1,0
DOROT,VALVULA_HIDRAULICA,77,4,,face_a_face_mm,307,1,0
DOROT,VALVULA_HIDRAULICA,77,4,,altura_total_mm,232,1,0
DOROT,VALVULA_HIDRAULICA,77,6,,face_a_face_mm,390,1,0
DOROT,VALVULA_HIDRAULICA,77,6,,altura_total_mm,360,1,0
DOROT,VALVULA_HIDRAULICA,77,8,,face_a_face_mm,462,1,0
DOROT,VALVULA_HIDRAULICA,77,8,,altura_total_mm,381,1,0
DOROT,VALVULA_HIDRAULICA,77,10,,face_a_face_mm,540,1,0
DOROT,VALVULA_HIDRAULICA,77,10,,altura_total_mm,458,1,0
DOROT,VALVULA_HIDRAULICA,77,12,,face_a_face_mm,587,1,0
DOROT,VALVULA_HIDRAULICA,77,12,,altura_total_mm,495,1,0
DOROT,VALVULA_HIDRAULICA,77,14,,face_a_face_mm,580,1,0
DOROT,VALVULA_HIDRAULICA,77,14,,altura_total_mm,495,1,0
DOROT,VALVULA_HIDRAULICA,77,16,,face_a_face_mm,755,1,0
DOROT,VALVULA_HIDRAULICA,77,16,,altura_total_mm,830,1,0
DOROT,VALVULA_HIDRAULICA,77,20,,face_a_face_mm,900,1,0
DOROT,VALVULA_HIDRAULICA,77,20,,altura_total_mm,970,1,0
DOROT,VALVULA_HIDRAULICA,77,24,,face_a_face_mm,900,1,0
DOROT,VALVULA_HIDRAULICA,77,24,,altura_total_mm,970,1,0
DOROT,VALVULA_HIDRAULICA,82,1,,face_a_face_mm,73,1,0
DOROT,VALVULA_HIDRAULICA,82,1,,altura_total_mm,110,1,0
DOROT,VALVULA_HIDRAULICA,82,1.5,,face_a_face_mm,73,1,0
DOROT,VALVULA_HIDRAULICA,82,1.5,,altura_total_mm,110,1,0
DOROT,VALVULA_HIDRAULICA,82,2,,face_a_face_mm,93,1,0
DOROT,VALVULA_HIDRAULICA,82,2,,altura_total_mm,131,1,0
DOROT,VALVULA_HIDRAULICA,82,3,,face_a_face_mm,177,1,0
DOROT,VALVULA_HIDRAULICA,82,3,,altura_total_mm,278,1,0
DOROT,VALVULA_HIDRAULICA,82,4,,face_a_face_mm,183,1,0
DOROT,VALVULA_HIDRAULICA,82,4,,altura_total_mm,293,1,0
DOROT,VALVULA_HIDRAULICA,82,6,,face_a_face_mm,230,1,0
DOROT,VALVULA_HIDRAULICA,82,6,,altura_total_mm,380,1,0
DOROT,VALVULA_HIDRAULICA,84,3,,face_a_face_mm,145,1,0
DOROT,VALVULA_HIDRAULICA,84,3,,altura_total_mm,239,1,0
DOROT,VALVULA_HIDRAULICA,87,2,,face_a_face_mm,203,1,0
DOROT,VALVULA_HIDRAULICA,87,2,,altura_total_mm,169,1,0
DOROT,VALVULA_HIDRAULICA,87,2.5,,face_a_face_mm,214,1,0
DOROT,VALVULA_HIDRAULICA,87,2.5,,altura_total_mm,188,1,0
DOROT,VALVULA_HIDRAULICA,87,3,,face_a_face_mm,285,1,0
DOROT,VALVULA_HIDRAULICA,87,3,,altura_total_mm,203,1,0
DOROT,VALVULA_HIDRAULICA,87,4,,face_a_face_mm,307,1,0
DOROT,VALVULA_HIDRAULICA,87,4,,altura_total_mm,232,1,0
DOROT,VALVULA_HIDRAULICA,87,6,,face_a_face_mm,390,1,0
DOROT,VALVULA_HIDRAULICA,87,6,,altura_total_mm,360,1,0
DOROT,VALVULA_HIDRAULICA,87,8,,face_a_face_mm,462,1,0
DOROT,VALVULA_HIDRAULICA,87,8,,altura_total_mm,381,1,0
DOROT,VALVULA_HIDRAULICA,87,10,,face_a_face_mm,540,1,0
DOROT,VALVULA_HIDRAULICA,87,10,,altura_total_mm,458,1,0
DOROT,VALVULA_HIDRAULICA,87,12,,face_a_face_mm,587,1,0
DOROT,VALVULA_HIDRAULICA,87,12,,altura_total_mm,495,1,0
DOROT,VALVULA_HIDRAULICA,87,14,,face_a_face_mm,580,1,0
DOROT,VALVULA_HIDRAULICA,87,14,,altura_total_mm,495,1,0
DOROT,VALVULA_HIDRAULICA,87,16,,face_a_face_mm,755,1,0
DOROT,VALVULA_HIDRAULICA,87,16,,altura_total_mm,830,1,0
DOROT,VALVULA_HIDRAULICA,87,20,,face_a_face_mm,900,1,0
DOROT,VALVULA_HIDRAULICA,87,20,,altura_total_mm,970,1,0
DOROT,VALVULA_HIDRAULICA,87,24,,face_a_face_mm,900,1,0
DOROT,VALVULA_HIDRAULICA,87,24,,altura_total_mm,970,1,0
DOROT,VALVULA_HIDRAULICA,91,1,,face_a_face_mm,73,1,0
DOROT,VALVULA_HIDRAULICA,91,1,,altura_total_mm,110,1,0
DOROT,VALVULA_HIDRAULICA,91,1.5,,face_a_face_mm,73,1,0
DOROT,VALVULA_HIDRAULICA,91,1.5,,altura_total_mm,110,1,0
DOROT,VALVULA_HIDRAULICA,91,2,,face_a_face_mm,93,1,0
DOROT,VALVULA_HIDRAULICA,91,2,,altura_total_mm,131,1,0
DOROT,VALVULA_HIDRAULICA,91,3,,face_a_face_mm,177,1,0
DOROT,VALVULA_HIDRAULICA,91,3,,altura_total_mm,278,1,0
DOROT,VALVULA_HIDRAULICA,91,4,,face_a_face_mm,183,1,0
DOROT,VALVULA_HIDRAULICA,91,4,,altura_total_mm,293,1,0
DOROT,VALVULA_HIDRAULICA,91,6,,face_a_face_mm,230,1,0
DOROT,VALVULA_HIDRAULICA,91,6,,altura_total_mm,380,1,0
DOROT,VALVULA_HIDRAULICA,94,2,,face_a_face_mm,251,1,0
DOROT,VALVULA_HIDRAULICA,94,2,,altura_total_mm,121,1,0
IRRIGAFOUR,ADAPTADOR_ESPIGAO,,3,,face_a_face_mm,300,1,0
IRRIGAFOUR,ADAPTADOR_ESPIGAO,,4,,face_a_face_mm,300,1,0
IRRIGAFOUR,ADAPTADOR_ESPIGAO,,5,,face_a_face_mm,300,1,0
IRRIGAFOUR,ADAPTADOR_ESPIGAO,,6,,face_a_face_mm,300,1,0
IRRIGAFOUR,ADAPTADOR_ESPIGAO,,8,,face_a_face_mm,300,1,0
IRRIGAFOUR,ANCORAGEM,,4,,comprimento_mm,640,1,0
IRRIGAFOUR,ANCORAGEM,,5,,comprimento_mm,640,1,0
IRRIGAFOUR,ANCORAGEM,,6,,comprimento_mm,640,2,0
IRRIGAFOUR,ANCORAGEM,,8,,comprimento_mm,720,1,0
IRRIGAFOUR,ANCORAGEM,,10,,comprimento_mm,960,1,0
IRRIGAFOUR,ANCORAGEM,,12,,comprimento_mm,1050,1,0
IRRIGAFOUR,ANCORAGEM,,16,,comprimento_mm,1300,1,0
IRRIGAFOUR,ANCORAGEM,,18,,comprimento_mm,1300,1,0
IRRIGAFOUR,ANCORAGEM,,20,,comprimento_mm,1500,1,0
IRRIGAFOUR,ANCORAGEM_MEIA_LUA,,3,,altura_mm,600,1,0
IRRIGAFOUR,ANCORAGEM_MEIA_LUA,,4,,altura_mm,600,1,0
IRRIGAFOUR,ANCORAGEM_MEIA_LUA,,5,,altura_mm,600,1,0
IRRIGAFOUR,ANCORAGEM_MEIA_LUA,,6,,altura_mm,600,1,0
IRRIGAFOUR,ANCORAGEM_MEIA_LUA,,8,,altura_mm,600,1,0
IRRIGAFOUR,ANCORAGEM_MEIA_LUA,,10,,altura_mm,600,1,0
IRRIGAFOUR,ANCORAGEM_MEIA_LUA,,12,,altura_mm,600,1,0
IRRIGAFOUR,ANCORAGEM_MEIA_LUA,,14,,altura_mm,600,1,0
IRRIGAFOUR,ANCORAGEM_MEIA_LUA,,16,,altura_mm,600,1,0
IRRIGAFOUR,ANCORAGEM_MEIA_LUA,,18,,altura_mm,600,1,0
IRRIGAFOUR,ANCORAGEM_MEIA_LUA,,20,,altura_mm,600,1,0
IRRIGAFOUR,ARTICULADOR,,3,,comprimento_mm,900,1,0
IRRIGAFOUR,ARTICULADOR,,4,,comprimento_mm,900,1,0
IRRIGAFOUR,ARTICULADOR,,5,,comprimento_mm,900,1,0
IRRIGAFOUR,ARTICULADOR,,6,,comprimento_mm,900,1,0
IRRIGAFOUR,ARTICULADOR,,8,,comprimento_mm,900,1,0
IRRIGAFOUR,ARTICULADOR,,10,,comprimento_mm,900,1,0
IRRIGAFOUR,ARTICULADOR,,12,,comprimento_mm,900,1,0
IRRIGAFOUR,ARTICULADOR,,14,,comprimento_mm,900,1,0
IRRIGAFOUR,ARTICULADOR,,16,,comprimento_mm,900,1,0
IRRIGAFOUR,CRIVO,cesto,2,,comprimento_mm,300,1,0
IRRIGAFOUR,CRIVO,cesto,2.5,,comprimento_mm,300,1,0
IRRIGAFOUR,CRIVO,cesto,3,,comprimento_mm,300,1,0
IRRIGAFOUR,CRIVO,cesto,4,,comprimento_mm,300,1,0
IRRIGAFOUR,CRIVO,cesto,5,,comprimento_mm,300,1,0
IRRIGAFOUR,CRIVO,cesto,6,,comprimento_mm,300,1,0
IRRIGAFOUR,CRIVO,cesto,8,,comprimento_mm,300,1,0
IRRIGAFOUR,CRIVO,cesto,10,,comprimento_mm,300,1,0
IRRIGAFOUR,CRIVO,cesto,12,,comprimento_mm,300,1,0
IRRIGAFOUR,CRIVO,cesto,14,,comprimento_mm,300,1,0
IRRIGAFOUR,CRIVO,cesto,16,,comprimento_mm,300,1,0
IRRIGAFOUR,CRIVO,cesto,18,,comprimento_mm,300,1,0
IRRIGAFOUR,CRIVO,cesto,20,,comprimento_mm,300,1,0
IRRIGAFOUR,CRIVO,cesto,24,,comprimento_mm,350,1,0
IRRIGAFOUR,CRIVO,cesto,28,,comprimento_mm,400,1,0
IRRIGAFOUR,CRIVO,cesto,32,,comprimento_mm,500,1,0
IRRIGAFOUR,CRIVO,cesto,36,,comprimento_mm,600,1,0
IRRIGAFOUR,CRUZETA,,2,,face_a_face_mm,500,1,0
IRRIGAFOUR,CRUZETA,,2,,derivacao_mm,500,1,0
IRRIGAFOUR,CRUZETA,,2.5,,face_a_face_mm,500,1,0
IRRIGAFOUR,CRUZETA,,2.5,,derivacao_mm,500,1,0
IRRIGAFOUR,CRUZETA,,3,,face_a_face_mm,500,1,0
IRRIGAFOUR,CRUZETA,,3,,derivacao_mm,500,1,0
IRRIGAFOUR,CRUZETA,,4,,face_a_face_mm,1000,1,0
IRRIGAFOUR,CRUZETA,,4,,derivacao_mm,1000,1,0
IRRIGAFOUR,CRUZETA,,5,,face_a_face_mm,1000,1,0
IRRIGAFOUR,CRUZETA,,5,,derivacao_mm,1000,1,0
IRRIGAFOUR,CRUZETA,,6,,face_a_face_mm,1000,1,0
IRRIGAFOUR,CRUZETA,,6,,derivacao_mm,1000,1,0
IRRIGAFOUR,CRUZETA,,8,,face_a_face_mm,1000,1,0
IRRIGAFOUR,CRUZETA,,8,,derivacao_mm,1000,1,0
IRRIGAFOUR,CRUZETA,,10,,face_a_face_mm,1000,1,0
IRRIGAFOUR,CRUZETA,,10,,derivacao_mm,1000,1,0
IRRIGAFOUR,CRUZETA,,12,,face_a_face_mm,1000,1,0
IRRIGAFOUR,CRUZETA,,12,,derivacao_mm,1000,1,0
IRRIGAFOUR,CRUZETA,,14,,face_a_face_mm,1000,1,0
IRRIGAFOUR,CRUZETA,,14,,derivacao_mm,1000,1,0
IRRIGAFOUR,CRUZETA,,16,,face_a_face_mm,1000,1,0
IRRIGAFOUR,CRUZETA,,16,,derivacao_mm,1000,1,0
IRRIGAFOUR,CRUZETA,,18,,face_a_face_mm,1000,1,0
IRRIGAFOUR,CRUZETA,,18,,derivacao_mm,1000,1,0
IRRIGAFOUR,CRUZETA,,20,,face_a_face_mm,1000,1,0
IRRIGAFOUR,CRUZETA,,20,,derivacao_mm,1000,1,0
IRRIGAFOUR,CRUZETA,,24,,face_a_face_mm,1200,1,0
IRRIGAFOUR,CRUZETA,,24,,derivacao_mm,1200,1,0
IRRIGAFOUR,CRUZETA,,28,,face_a_face_mm,1400,1,0
IRRIGAFOUR,CRUZETA,,28,,derivacao_mm,1400,1,0
IRRIGAFOUR,CRUZETA,,32,,face_a_face_mm,1600,1,0
IRRIGAFOUR,CRUZETA,,32,,derivacao_mm,1600,1,0
IRRIGAFOUR,CRUZETA,,36,,face_a_face_mm,1800,1,0
IRRIGAFOUR,CRUZETA,,36,,derivacao_mm,1800,1,0
IRRIGAFOUR,CURVA,30,2,,perna_mm,208,1,0
IRRIGAFOUR,CURVA,30,2.5,,perna_mm,208,1,0
IRRIGAFOUR,CURVA,30,3,,perna_mm,208,1,0
IRRIGAFOUR,CURVA,30,4,,perna_mm,278,1,0
IRRIGAFOUR,CURVA,30,5,,perna_mm,203,1,0
IRRIGAFOUR,CURVA,30,6,,perna_mm,377,1,0
IRRIGAFOUR,CURVA,30,8,,perna_mm,370,1,0
IRRIGAFOUR,CURVA,30,10,,perna_mm,367,1,0
IRRIGAFOUR,CURVA,30,12,,perna_mm,371,1,0
IRRIGAFOUR,CURVA,30,14,,perna_mm,382,1,0
IRRIGAFOUR,CURVA,30,16,,perna_mm,278,1,0
IRRIGAFOUR,CURVA,30,18,,perna_mm,354,1,0
IRRIGAFOUR,CURVA,30,20,,perna_mm,472,1,0
IRRIGAFOUR,CURVA,30,24,,perna_mm,317,1,0
IRRIGAFOUR,CURVA,30,28,,perna_mm,385,1,0
IRRIGAFOUR,CURVA,30,32,,perna_mm,453,1,0
IRRIGAFOUR,CURVA,30,36,,perna_mm,521,1,0
IRRIGAFOUR,CURVA,45,2,,perna_mm,352,2,0
IRRIGAFOUR,CURVA,45,2.5,,perna_mm,352,2,0
IRRIGAFOUR,CURVA,45,3,,perna_mm,352,2,0
IRRIGAFOUR,CURVA,45,4,,perna_mm,343,2,0
IRRIGAFOUR,CURVA,45,5,,perna_mm,270,2,0
IRRIGAFOUR,CURVA,45,6,,perna_mm,275,2,0
IRRIGAFOUR,CURVA,45,8,,perna_mm,466,2,0
IRRIGAFOUR,CURVA,45,10,,perna_mm,461,2,0
IRRIGAFOUR,CURVA,45,12,,perna_mm,512,2,0
IRRIGAFOUR,CURVA,45,14,,perna_mm,489,2,0
IRRIGAFOUR,CURVA,45,16,,perna_mm,471,2,0
IRRIGAFOUR,CURVA,45,18,,perna_mm,420,2,0
IRRIGAFOUR,CURVA,45,20,,perna_mm,452,2,0
IRRIGAFOUR,CURVA,45,24,,perna_mm,441,2,0
IRRIGAFOUR,CURVA,45,28,,perna_mm,451,2,0
IRRIGAFOUR,CURVA,45,32,,perna_mm,508,2,0
IRRIGAFOUR,CURVA,45,36,,perna_mm,558,2,0
IRRIGAFOUR,CURVA,60,2,,perna_mm,394,2,0
IRRIGAFOUR,CURVA,60,2.5,,perna_mm,394,2,0
IRRIGAFOUR,CURVA,60,3,,perna_mm,394,2,0
IRRIGAFOUR,CURVA,60,4,,perna_mm,372,2,0
IRRIGAFOUR,CURVA,60,5,,perna_mm,260,2,0
IRRIGAFOUR,CURVA,60,6,,perna_mm,350,2,0
IRRIGAFOUR,CURVA,60,8,,perna_mm,393,2,0
IRRIGAFOUR,CURVA,60,10,,perna_mm,424,2,0
IRRIGAFOUR,CURVA,60,12,,perna_mm,425,2,0
IRRIGAFOUR,CURVA,60,14,,perna_mm,445,2,0
IRRIGAFOUR,CURVA,60,16,,perna_mm,455,2,0
IRRIGAFOUR,CURVA,60,18,,perna_mm,516,2,0
IRRIGAFOUR,CURVA,60,20,,perna_mm,506,2,0
IRRIGAFOUR,CURVA,60,24,,perna_mm,721,2,0
IRRIGAFOUR,CURVA,60,28,,perna_mm,762,2,0
IRRIGAFOUR,CURVA,60,32,,perna_mm,627,2,0
IRRIGAFOUR,CURVA,60,36,,perna_mm,912,2,0
IRRIGAFOUR,CURVA,90,2,,perna_mm,223,2,0
IRRIGAFOUR,CURVA,90,2.5,,perna_mm,223,2,0
IRRIGAFOUR,CURVA,90,3,,perna_mm,223,2,0
IRRIGAFOUR,CURVA,90,4,,perna_mm,250,2,0
IRRIGAFOUR,CURVA,90,5,,perna_mm,193,2,0
IRRIGAFOUR,CURVA,90,6,,perna_mm,285,2,0
IRRIGAFOUR,CURVA,90,8,,perna_mm,335,2,0
IRRIGAFOUR,CURVA,90,10,,perna_mm,386,2,0
IRRIGAFOUR,CURVA,90,12,,perna_mm,385,2,0
IRRIGAFOUR,CURVA,90,14,,perna_mm,408,2,0
IRRIGAFOUR,CURVA,90,16,,perna_mm,501,2,0
IRRIGAFOUR,CURVA,90,18,,perna_mm,486,2,0
IRRIGAFOUR,CURVA,90,20,,perna_mm,495,2,0
IRRIGAFOUR,CURVA,90,24,,perna_mm,681,2,0
IRRIGAFOUR,CURVA,90,28,,perna_mm,715,2,0
IRRIGAFOUR,CURVA,90,32,,perna_mm,643,2,0
IRRIGAFOUR,CURVA,90,36,,perna_mm,851,2,0
IRRIGAFOUR,CURVA_DUPLA,"1,4m",3,,face_a_face_mm,1380,1,0
IRRIGAFOUR,CURVA_DUPLA,"1,4m",4,,face_a_face_mm,1260,1,0
IRRIGAFOUR,CURVA_DUPLA,"1,4m",5,,face_a_face_mm,1370,1,0
IRRIGAFOUR,CURVA_DUPLA,"1,4m",6,,face_a_face_mm,1370,1,0
IRRIGAFOUR,CURVA_DUPLA,"1,4m",8,,face_a_face_mm,1290,1,0
IRRIGAFOUR,CURVA_DUPLA,"1,4m",10,,face_a_face_mm,1380,1,0
IRRIGAFOUR,CURVA_DUPLA,"1,4m",12,,face_a_face_mm,1355,1,0
IRRIGAFOUR,CURVA_DUPLA,"1,4m",14,,face_a_face_mm,1390,1,0
IRRIGAFOUR,CURVA_DUPLA,"1,4m",16,,face_a_face_mm,1501,1,0
IRRIGAFOUR,CURVA_DUPLA,"1,9m",3,,face_a_face_mm,1310,1,0
IRRIGAFOUR,CURVA_DUPLA,"1,9m",4,,face_a_face_mm,1510,1,0
IRRIGAFOUR,CURVA_DUPLA,"1,9m",5,,face_a_face_mm,1657,1,0
IRRIGAFOUR,CURVA_DUPLA,"1,9m",6,,face_a_face_mm,1620,1,0
IRRIGAFOUR,CURVA_DUPLA,"1,9m",8,,face_a_face_mm,1550,1,0
IRRIGAFOUR,CURVA_DUPLA,"1,9m",10,,face_a_face_mm,1630,1,0
IRRIGAFOUR,CURVA_DUPLA,"1,9m",12,,face_a_face_mm,1605,1,0
IRRIGAFOUR,CURVA_DUPLA,"1,9m",14,,face_a_face_mm,1640,1,0
IRRIGAFOUR,CURVA_DUPLA,"1,9m",16,,face_a_face_mm,1760,1,0
IRRIGAFOUR,CURVA_SAIDA,90,2,,perna_mm,223,2,0
IRRIGAFOUR,CURVA_SAIDA,90,2.5,,perna_mm,223,2,0
IRRIGAFOUR,CURVA_SAIDA,90,3,,perna_mm,223,2,0
IRRIGAFOUR,CURVA_SAIDA,90,4,,perna_mm,250,2,0
IRRIGAFOUR,CURVA_SAIDA,90,5,,perna_mm,193,2,0
IRRIGAFOUR,CURVA_SAIDA,90,6,,perna_mm,285,2,0
IRRIGAFOUR,CURVA_SAIDA,90,8,,perna_mm,335,2,0
IRRIGAFOUR,CURVA_SAIDA,90,10,,perna_mm,386,2,0
IRRIGAFOUR,CURVA_SAIDA,90,12,,perna_mm,385,2,0
IRRIGAFOUR,CURVA_SAIDA,90,14,,perna_mm,408,2,0
IRRIGAFOUR,CURVA_SAIDA,90,16,,perna_mm,501,2,0
IRRIGAFOUR,CURVA_SAIDA,90,18,,perna_mm,486,2,0
IRRIGAFOUR,CURVA_SAIDA,90,20,,perna_mm,495,2,0
IRRIGAFOUR,CURVA_SAIDA,90,24,,perna_mm,681,2,0
IRRIGAFOUR,CURVA_SAIDA,90,28,,perna_mm,715,2,0
IRRIGAFOUR,CURVA_SAIDA,90,32,,perna_mm,803,2,0
IRRIGAFOUR,CURVA_SAIDA,90,36,,perna_mm,851,2,0
IRRIGAFOUR,MANIFOLD,,6,,comprimento_mm,1050,1,0
IRRIGAFOUR,MANIFOLD,,8,,comprimento_mm,1068,1,0
IRRIGAFOUR,MANIFOLD,,10,,comprimento_mm,1321,1,0
IRRIGAFOUR,MANIFOLD,,12,,comprimento_mm,1580,1,0
IRRIGAFOUR,MANIFOLD,,14,,comprimento_mm,1818,1,0
IRRIGAFOUR,MANIFOLD,,16,,comprimento_mm,2000,1,0
IRRIGAFOUR,MANIFOLD,,18,,comprimento_mm,2300,1,0
IRRIGAFOUR,MANIFOLD,,20,,comprimento_mm,2600,1,0
IRRIGAFOUR,PECA_TRANSICAO_LUVA,,1,,face_a_face_mm,60,1,0
IRRIGAFOUR,PECA_TRANSICAO_LUVA,,1.25,,face_a_face_mm,60,1,0
IRRIGAFOUR,PECA_TRANSICAO_LUVA,,1.5,,face_a_face_mm,60,1,0
IRRIGAFOUR,PECA_TRANSICAO_LUVA,,2,,face_a_face_mm,60,1,0
IRRIGAFOUR,PECA_TRANSICAO_LUVA,,2.5,,face_a_face_mm,60,1,0
IRRIGAFOUR,PECA_TRANSICAO_LUVA,,3,,face_a_face_mm,60,1,0
IRRIGAFOUR,PECA_TRANSICAO_LUVA,,4,,face_a_face_mm,60,1,0
IRRIGAFOUR,PECA_TRANSICAO_LUVA,,5,,face_a_face_mm,60,1,0
IRRIGAFOUR,PECA_TRANSICAO_LUVA,,6,,face_a_face_mm,60,1,0
IRRIGAFOUR,PECA_TRANSICAO_NIPLE,,1,,face_a_face_mm,60,1,0
IRRIGAFOUR,PECA_TRANSICAO_NIPLE,,1.25,,face_a_face_mm,60,1,0
IRRIGAFOUR,PECA_TRANSICAO_NIPLE,,1.5,,face_a_face_mm,60,1,0
IRRIGAFOUR,PECA_TRANSICAO_NIPLE,,2,,face_a_face_mm,60,1,0
IRRIGAFOUR,PECA_TRANSICAO_NIPLE,,2.5,,face_a_face_mm,60,1,0
IRRIGAFOUR,PECA_TRANSICAO_NIPLE,,3,,face_a_face_mm,60,1,0
IRRIGAFOUR,PECA_TRANSICAO_NIPLE,,4,,face_a_face_mm,60,1,0
IRRIGAFOUR,PECA_TRANSICAO_NIPLE,,5,,face_a_face_mm,60,1,0
IRRIGAFOUR,PECA_TRANSICAO_NIPLE,,6,,face_a_face_mm,60,1,0
IRRIGAFOUR,REDUCAO_CONCENTRICA,,1.25,,face_a_face_mm,150,1,0
IRRIGAFOUR,REDUCAO_CONCENTRICA,,1.25,1,face_a_face_mm,150,1,0
IRRIGAFOUR,REDUCAO_CONCENTRICA,,1.5,,face_a_face_mm,150,2,0
IRRIGAFOUR,REDUCAO_CONCENTRICA,,1.5,1,face_a_face_mm,150,1,0
IRRIGAFOUR,REDUCAO_CONCENTRICA,,1.5,1.25,face_a_face_mm,150,1,0
IRRIGAFOUR,REDUCAO_CONCENTRICA,,2,,face_a_face_mm,150,3,0
IRRIGAFOUR,REDUCAO_CONCENTRICA,,2,1,face_a_face_mm,150,1,0
IRRIGAFOUR,REDUCAO_CONCENTRICA,,2,1.25,face_a_face_mm,150,1,0
IRRIGAFOUR,REDUCAO_CONCENTRICA,,2,1.5,face_a_face_mm,150,1,0
IRRIGAFOUR,REDUCAO_CONCENTRICA,,2.5,,face_a_face_mm,150,4,0
IRRIGAFOUR,REDUCAO_CONCENTRICA,,2.5,1,face_a_face_mm,150,1,0
IRRIGAFOUR,REDUCAO_CONCENTRICA,,2.5,1.25,face_a_face_mm,150,1,0
IRRIGAFOUR,REDUCAO_CONCENTRICA,,2.5,1.5,face_a_face_mm,150,1,0
IRRIGAFOUR,REDUCAO_CONCENTRICA,,2.5,2,face_a_face_mm,150,1,0
IRRIGAFOUR,REDUCAO_CONCENTRICA,,3,,face_a_face_mm,150,5,0
IRRIGAFOUR,REDUCAO_CONCENTRICA,,3,1,face_a_face_mm,150,1,0
IRRIGAFOUR,REDUCAO_CONCENTRICA,,3,1.25,face_a_face_mm,150,1,0
IRRIGAFOUR,REDUCAO_CONCENTRICA,,3,1.5,face_a_face_mm,150,1,0
IRRIGAFOUR,REDUCAO_CONCENTRICA,,3,2,face_a_face_mm,150,1,0
IRRIGAFOUR,REDUCAO_CONCENTRICA,,3,2.5,face_a_face_mm,150,1,0
IRRIGAFOUR,REDUCAO_CONCENTRICA,,4,,face_a_face_mm,150,6,0
IRRIGAFOUR,REDUCAO_CONCENTRICA,,4,1,face_a_face_mm,150,1,0
IRRIGAFOUR,REDUCAO_CONCENTRICA,,4,1.25,face_a_face_mm,150,1,0
IRRIGAFOUR,REDUCAO_CONCENTRICA,,4,1.5,face_a_face_mm,150,1,0
IRRIGAFOUR,REDUCAO_CONCENTRICA,,4,2,face_a_face_mm,150,1,0
IRRIGAFOUR,REDUCAO_CONCENTRICA,,4,2.5,face_a_face_mm,150,1,0
IRRIGAFOUR,REDUCAO_CONCENTRICA,,4,3,face_a_face_mm,150,1,0
IRRIGAFOUR,REDUCAO_CONCENTRICA,,5,,face_a_face_mm,150,6,0
IRRIGAFOUR,REDUCAO_CONCENTRICA,,5,1.25,face_a_face_mm,150,1,0
IRRIGAFOUR,REDUCAO_CONCENTRICA,,5,1.5,face_a_face_mm,150,1,0
IRRIGAFOUR,REDUCAO_CONCENTRICA,,5,2,face_a_face_mm,150,1,0
IRRIGAFOUR,REDUCAO_CONCENTRICA,,5,2.5,face_a_face_mm,150,1,0
IRRIGAFOUR,REDUCAO_CONCENTRICA,,5,3,face_a_face_mm,150,1,0
IRRIGAFOUR,REDUCAO_CONCENTRICA,,5,4,face_a_face_mm,150,1,0
IRRIGAFOUR,REDUCAO_CONCENTRICA,,6,,face_a_face_mm,150,6,0
IRRIGAFOUR,REDUCAO_CONCENTRICA,,6,1.5,face_a_face_mm,150,1,0
IRRIGAFOUR,REDUCAO_CONCENTRICA,,6,2,face_a_face_mm,150,1,0
IRRIGAFOUR,REDUCAO_CONCENTRICA,,6,2.5,face_a_face_mm,150,1,0
IRRIGAFOUR,REDUCAO_CONCENTRICA,,6,3,face_a_face_mm,150,1,0
IRRIGAFOUR,REDUCAO_CONCENTRICA,,6,4,face_a_face_mm,150,1,0
IRRIGAFOUR,REDUCAO_CONCENTRICA,,6,5,face_a_face_mm,150,1,0
IRRIGAFOUR,REDUCAO_CONCENTRICA,,8,,face_a_face_mm,150,6,0
IRRIGAFOUR,REDUCAO_CONCENTRICA,,8,2,face_a_face_mm,150,1,0
IRRIGAFOUR,REDUCAO_CONCENTRICA,,8,2.5,face_a_face_mm,150,1,0
IRRIGAFOUR,REDUCAO_CONCENTRICA,,8,3,face_a_face_mm,150,1,0
IRRIGAFOUR,REDUCAO_CONCENTRICA,,8,4,face_a_face_mm,150,1,0
IRRIGAFOUR,REDUCAO_CONCENTRICA,,8,5,face_a_face_mm,150,1,0
IRRIGAFOUR,REDUCAO_CONCENTRICA,,8,6,face_a_face_mm,150,1,0
IRRIGAFOUR,REDUCAO_CONCENTRICA,,10,,face_a_face_mm,150,6,1
IRRIGAFOUR,REDUCAO_CONCENTRICA,,10,2.5,face_a_face_mm,150,1,0
IRRIGAFOUR,REDUCAO_CONCENTRICA,,10,3,face_a_face_mm,150,1,0
IRRIGAFOUR,REDUCAO_CONCENTRICA,,10,4,face_a_face_mm,150,1,0
IRRIGAFOUR,REDUCAO_CONCENTRICA,,10,5,face_a_face_mm,150,1,0
IRRIGAFOUR,REDUCAO_CONCENTRICA,,10,6,face_a_face_mm,150,1,0
IRRIGAFOUR,REDUCAO_CONCENTRICA,,10,8,face_a_face_mm,160,1,0
IRRIGAFOUR,REDUCAO_CONCENTRICA,,12,,face_a_face_mm,150,6,1
IRRIGAFOUR,REDUCAO_CONCENTRICA,,12,3,face_a_face_mm,150,1,0
IRRIGAFOUR,REDUCAO_CONCENTRICA,,12,4,face_a_face_mm,150,1,0
IRRIGAFOUR,REDUCAO_CONCENTRICA,,12,5,face_a_face_mm,150,1,0
IRRIGAFOUR,REDUCAO_CONCENTRICA,,12,6,face_a_face_mm,150,1,0
IRRIGAFOUR,REDUCAO_CONCENTRICA,,12,8,face_a_face_mm,160,1,0
IRRIGAFOUR,REDUCAO_CONCENTRICA,,12,10,face_a_face_mm,150,1,0
IRRIGAFOUR,REDUCAO_CONCENTRICA,,14,,face_a_face_mm,150,6,1
IRRIGAFOUR,REDUCAO_CONCENTRICA,,14,4,face_a_face_mm,150,1,0
IRRIGAFOUR,REDUCAO_CONCENTRICA,,14,5,face_a_face_mm,150,1,0
IRRIGAFOUR,REDUCAO_CONCENTRICA,,14,6,face_a_face_mm,150,1,0
IRRIGAFOUR,REDUCAO_CONCENTRICA,,14,8,face_a_face_mm,160,1,0
IRRIGAFOUR,REDUCAO_CONCENTRICA,,14,10,face_a_face_mm,150,1,0
IRRIGAFOUR,REDUCAO_CONCENTRICA,,14,12,face_a_face_mm,150,1,0
IRRIGAFOUR,REDUCAO_CONCENTRICA,,16,,face_a_face_mm,150,6,1
IRRIGAFOUR,REDUCAO_CONCENTRICA,,16,5,face_a_face_mm,150,1,0
IRRIGAFOUR,REDUCAO_CONCENTRICA,,16,6,face_a_face_mm,150,1,0
IRRIGAFOUR,REDUCAO_CONCENTRICA,,16,8,face_a_face_mm,160,1,0
IRRIGAFOUR,REDUCAO_CONCENTRICA,,16,10,face_a_face_mm,150,1,0
IRRIGAFOUR,REDUCAO_CONCENTRICA,,16,12,face_a_face_mm,150,1,0
IRRIGAFOUR,REDUCAO_CONCENTRICA,,16,14,face_a_face_mm,150,1,0
IRRIGAFOUR,REDUCAO_CONCENTRICA,,18,,face_a_face_mm,150,6,1
IRRIGAFOUR,REDUCAO_CONCENTRICA,,18,6,face_a_face_mm,150,1,0
IRRIGAFOUR,REDUCAO_CONCENTRICA,,18,8,face_a_face_mm,160,1,0
IRRIGAFOUR,REDUCAO_CONCENTRICA,,18,10,face_a_face_mm,150,1,0
IRRIGAFOUR,REDUCAO_CONCENTRICA,,18,12,face_a_face_mm,150,1,0
IRRIGAFOUR,REDUCAO_CONCENTRICA,,18,14,face_a_face_mm,150,1,0
IRRIGAFOUR,REDUCAO_CONCENTRICA,,18,16,face_a_face_mm,150,1,0
IRRIGAFOUR,REDUCAO_CONCENTRICA,,20,,face_a_face_mm,150,6,1
IRRIGAFOUR,REDUCAO_CONCENTRICA,,20,8,face_a_face_mm,160,1,0
IRRIGAFOUR,REDUCAO_CONCENTRICA,,20,10,face_a_face_mm,150,1,0
IRRIGAFOUR,REDUCAO_CONCENTRICA,,20,12,face_a_face_mm,150,1,0
IRRIGAFOUR,REDUCAO_CONCENTRICA,,20,14,face_a_face_mm,150,1,0
IRRIGAFOUR,REDUCAO_CONCENTRICA,,20,16,face_a_face_mm,150,1,0
IRRIGAFOUR,REDUCAO_CONCENTRICA,,20,18,face_a_face_mm,150,1,0
IRRIGAFOUR,REDUCAO_CONCENTRICA,,22,,face_a_face_mm,150,6,0
IRRIGAFOUR,REDUCAO_CONCENTRICA,,22,10,face_a_face_mm,150,1,0
IRRIGAFOUR,REDUCAO_CONCENTRICA,,22,12,face_a_face_mm,150,1,0
IRRIGAFOUR,REDUCAO_CONCENTRICA,,22,14,face_a_face_mm,150,1,0
IRRIGAFOUR,REDUCAO_CONCENTRICA,,22,16,face_a_face_mm,150,1,0
IRRIGAFOUR,REDUCAO_CONCENTRICA,,22,18,face_a_face_mm,150,1,0
IRRIGAFOUR,REDUCAO_CONCENTRICA,,22,20,face_a_face_mm,150,1,0
IRRIGAFOUR,REDUCAO_CONCENTRICA,,24,,face_a_face_mm,150,6,0
IRRIGAFOUR,REDUCAO_CONCENTRICA,,24,12,face_a_face_mm,150,1,0
IRRIGAFOUR,REDUCAO_CONCENTRICA,,24,14,face_a_face_mm,150,1,0
IRRIGAFOUR,REDUCAO_CONCENTRICA,,24,16,face_a_face_mm,150,1,0
IRRIGAFOUR,REDUCAO_CONCENTRICA,,24,18,face_a_face_mm,150,1,0
IRRIGAFOUR,REDUCAO_CONCENTRICA,,24,20,face_a_face_mm,150,1,0
IRRIGAFOUR,REDUCAO_CONCENTRICA,,24,22,face_a_face_mm,150,1,0
IRRIGAFOUR,REDUCAO_CONCENTRICA,,26,,face_a_face_mm,150,6,0
IRRIGAFOUR,REDUCAO_CONCENTRICA,,26,14,face_a_face_mm,150,1,0
IRRIGAFOUR,REDUCAO_CONCENTRICA,,26,16,face_a_face_mm,150,1,0
IRRIGAFOUR,REDUCAO_CONCENTRICA,,26,18,face_a_face_mm,150,1,0
IRRIGAFOUR,REDUCAO_CONCENTRICA,,26,20,face_a_face_mm,150,1,0
IRRIGAFOUR,REDUCAO_CONCENTRICA,,26,22,face_a_face_mm,150,1,0
IRRIGAFOUR,REDUCAO_CONCENTRICA,,26,24,face_a_face_mm,150,1,0
IRRIGAFOUR,REDUCAO_CONCENTRICA,,28,,face_a_face_mm,150,6,0
IRRIGAFOUR,REDUCAO_CONCENTRICA,,28,16,face_a_face_mm,150,1,0
IRRIGAFOUR,REDUCAO_CONCENTRICA,,28,18,face_a_face_mm,150,1,0
IRRIGAFOUR,REDUCAO_CONCENTRICA,,28,20,face_a_face_mm,150,1,0
IRRIGAFOUR,REDUCAO_CONCENTRICA,,28,22,face_a_face_mm,150,1,0
IRRIGAFOUR,REDUCAO_CONCENTRICA,,28,24,face_a_face_mm,150,1,0
IRRIGAFOUR,REDUCAO_CONCENTRICA,,28,26,face_a_face_mm,150,1,0
IRRIGAFOUR,REDUCAO_CONCENTRICA,,32,,face_a_face_mm,150,6,0
IRRIGAFOUR,REDUCAO_CONCENTRICA,,32,18,face_a_face_mm,150,1,0
IRRIGAFOUR,REDUCAO_CONCENTRICA,,32,20,face_a_face_mm,150,1,0
IRRIGAFOUR,REDUCAO_CONCENTRICA,,32,22,face_a_face_mm,150,1,0
IRRIGAFOUR,REDUCAO_CONCENTRICA,,32,24,face_a_face_mm,150,1,0
IRRIGAFOUR,REDUCAO_CONCENTRICA,,32,26,face_a_face_mm,150,1,0
IRRIGAFOUR,REDUCAO_CONCENTRICA,,32,28,face_a_face_mm,150,1,0
IRRIGAFOUR,REDUCAO_CONCENTRICA,,36,,face_a_face_mm,150,6,0
IRRIGAFOUR,REDUCAO_CONCENTRICA,,36,20,face_a_face_mm,150,1,0
IRRIGAFOUR,REDUCAO_CONCENTRICA,,36,22,face_a_face_mm,150,1,0
IRRIGAFOUR,REDUCAO_CONCENTRICA,,36,24,face_a_face_mm,150,1,0
IRRIGAFOUR,REDUCAO_CONCENTRICA,,36,26,face_a_face_mm,150,1,0
IRRIGAFOUR,REDUCAO_CONCENTRICA,,36,28,face_a_face_mm,150,1,0
IRRIGAFOUR,REDUCAO_CONCENTRICA,,36,32,face_a_face_mm,150,1,0
IRRIGAFOUR,REDUCAO_EXCENTRICA,,2,,face_a_face_mm,150,2,0
IRRIGAFOUR,REDUCAO_EXCENTRICA,,2,1.25,face_a_face_mm,150,1,0
IRRIGAFOUR,REDUCAO_EXCENTRICA,,2,1.5,face_a_face_mm,150,1,0
IRRIGAFOUR,REDUCAO_EXCENTRICA,,2.5,,face_a_face_mm,150,3,0
IRRIGAFOUR,REDUCAO_EXCENTRICA,,2.5,1.25,face_a_face_mm,150,1,0
IRRIGAFOUR,REDUCAO_EXCENTRICA,,2.5,1.5,face_a_face_mm,150,1,0
IRRIGAFOUR,REDUCAO_EXCENTRICA,,2.5,2,face_a_face_mm,150,1,0
IRRIGAFOUR,REDUCAO_EXCENTRICA,,3,,face_a_face_mm,150,4,0
IRRIGAFOUR,REDUCAO_EXCENTRICA,,3,1.25,face_a_face_mm,150,1,0
IRRIGAFOUR,REDUCAO_EXCENTRICA,,3,1.5,face_a_face_mm,150,1,0
IRRIGAFOUR,REDUCAO_EXCENTRICA,,3,2,face_a_face_mm,150,1,0
IRRIGAFOUR,REDUCAO_EXCENTRICA,,3,2.5,face_a_face_mm,150,1,0
IRRIGAFOUR,REDUCAO_EXCENTRICA,,4,,face_a_face_mm,150,5,1
IRRIGAFOUR,REDUCAO_EXCENTRICA,,4,1.25,face_a_face_mm,150,1,0
IRRIGAFOUR,REDUCAO_EXCENTRICA,,4,1.5,face_a_face_mm,150,1,0
IRRIGAFOUR,REDUCAO_EXCENTRICA,,4,2,face_a_face_mm,150,1,0
IRRIGAFOUR,REDUCAO_EXCENTRICA,,4,2.5,face_a_face_mm,150,1,0
IRRIGAFOUR,REDUCAO_EXCENTRICA,,4,3,face_a_face_mm,200,1,0
IRRIGAFOUR,REDUCAO_EXCENTRICA,,5,,face_a_face_mm,150,6,1
IRRIGAFOUR,REDUCAO_EXCENTRICA,,5,1.25,face_a_face_mm,150,1,0
IRRIGAFOUR,REDUCAO_EXCENTRICA,,5,1.5,face_a_face_mm,150,1,0
IRRIGAFOUR,REDUCAO_EXCENTRICA,,5,2,face_a_face_mm,150,1,0
IRRIGAFOUR,REDUCAO_EXCENTRICA,,5,2.5,face_a_face_mm,150,1,0
IRRIGAFOUR,REDUCAO_EXCENTRICA,,5,3,face_a_face_mm,200,1,0
IRRIGAFOUR,REDUCAO_EXCENTRICA,,5,4,face_a_face_mm,200,1,0
IRRIGAFOUR,REDUCAO_EXCENTRICA,,6,,face_a_face_mm,250,6,1
IRRIGAFOUR,REDUCAO_EXCENTRICA,,6,1.25,face_a_face_mm,250,1,0
IRRIGAFOUR,REDUCAO_EXCENTRICA,,6,2,face_a_face_mm,250,1,0
IRRIGAFOUR,REDUCAO_EXCENTRICA,,6,2.5,face_a_face_mm,250,1,0
IRRIGAFOUR,REDUCAO_EXCENTRICA,,6,3,face_a_face_mm,250,1,0
IRRIGAFOUR,REDUCAO_EXCENTRICA,,6,4,face_a_face_mm,200,1,0
IRRIGAFOUR,REDUCAO_EXCENTRICA,,6,5,face_a_face_mm,200,1,0
IRRIGAFOUR,REDUCAO_EXCENTRICA,,8,,face_a_face_mm,300,6,1
IRRIGAFOUR,REDUCAO_EXCENTRICA,,8,2,face_a_face_mm,300,1,0
IRRIGAFOUR,REDUCAO_EXCENTRICA,,8,2.5,face_a_face_mm,300,1,0
IRRIGAFOUR,REDUCAO_EXCENTRICA,,8,3,face_a_face_mm,300,1,0
IRRIGAFOUR,REDUCAO_EXCENTRICA,,8,4,face_a_face_mm,300,1,0
IRRIGAFOUR,REDUCAO_EXCENTRICA,,8,5,face_a_face_mm,300,1,0
IRRIGAFOUR,REDUCAO_EXCENTRICA,,8,6,face_a_face_mm,200,1,0
IRRIGAFOUR,REDUCAO_EXCENTRICA,,10,,face_a_face_mm,300,6,0
IRRIGAFOUR,REDUCAO_EXCENTRICA,,10,2.5,face_a_face_mm,300,1,0
IRRIGAFOUR,REDUCAO_EXCENTRICA,,10,3,face_a_face_mm,300,1,0
IRRIGAFOUR,REDUCAO_EXCENTRICA,,10,4,face_a_face_mm,300,1,0
IRRIGAFOUR,REDUCAO_EXCENTRICA,,10,5,face_a_face_mm,300,1,0
IRRIGAFOUR,REDUCAO_EXCENTRICA,,10,6,face_a_face_mm,300,1,0
IRRIGAFOUR,REDUCAO_EXCENTRICA,,10,8,face_a_face_mm,300,1,0
IRRIGAFOUR,REDUCAO_EXCENTRICA,,12,,face_a_face_mm,300,6,0
IRRIGAFOUR,REDUCAO_EXCENTRICA,,12,3,face_a_face_mm,300,1,0
IRRIGAFOUR,REDUCAO_EXCENTRICA,,12,4,face_a_face_mm,300,1,0
IRRIGAFOUR,REDUCAO_EXCENTRICA,,12,5,face_a_face_mm,300,1,0
IRRIGAFOUR,REDUCAO_EXCENTRICA,,12,6,face_a_face_mm,300,1,0
IRRIGAFOUR,REDUCAO_EXCENTRICA,,12,8,face_a_face_mm,300,1,0
IRRIGAFOUR,REDUCAO_EXCENTRICA,,12,10,face_a_face_mm,300,1,0
IRRIGAFOUR,REDUCAO_EXCENTRICA,,14,,face_a_face_mm,280,6,1
IRRIGAFOUR,REDUCAO_EXCENTRICA,,14,4,face_a_face_mm,280,1,0
IRRIGAFOUR,REDUCAO_EXCENTRICA,,14,5,face_a_face_mm,280,1,0
IRRIGAFOUR,REDUCAO_EXCENTRICA,,14,6,face_a_face_mm,280,1,0
IRRIGAFOUR,REDUCAO_EXCENTRICA,,14,8,face_a_face_mm,300,1,0
IRRIGAFOUR,REDUCAO_EXCENTRICA,,14,10,face_a_face_mm,300,1,0
IRRIGAFOUR,REDUCAO_EXCENTRICA,,14,12,face_a_face_mm,300,1,0
IRRIGAFOUR,REDUCAO_EXCENTRICA,,16,,face_a_face_mm,300,6,0
IRRIGAFOUR,REDUCAO_EXCENTRICA,,16,5,face_a_face_mm,300,1,0
IRRIGAFOUR,REDUCAO_EXCENTRICA,,16,6,face_a_face_mm,300,1,0
IRRIGAFOUR,REDUCAO_EXCENTRICA,,16,8,face_a_face_mm,300,1,0
IRRIGAFOUR,REDUCAO_EXCENTRICA,,16,10,face_a_face_mm,300,1,0
IRRIGAFOUR,REDUCAO_EXCENTRICA,,16,12,face_a_face_mm,300,1,0
IRRIGAFOUR,REDUCAO_EXCENTRICA,,16,14,face_a_face_mm,300,1,0
IRRIGAFOUR,REDUCAO_EXCENTRICA,,18,,face_a_face_mm,300,6,0
IRRIGAFOUR,REDUCAO_EXCENTRICA,,18,6,face_a_face_mm,300,1,0
IRRIGAFOUR,REDUCAO_EXCENTRICA,,18,8,face_a_face_mm,300,1,0
IRRIGAFOUR,REDUCAO_EXCENTRICA,,18,10,face_a_face_mm,300,1,0
IRRIGAFOUR,REDUCAO_EXCENTRICA,,18,12,face_a_face_mm,300,1,0
IRRIGAFOUR,REDUCAO_EXCENTRICA,,18,14,face_a_face_mm,300,1,0
IRRIGAFOUR,REDUCAO_EXCENTRICA,,18,16,face_a_face_mm,300,1,0
IRRIGAFOUR,REDUCAO_EXCENTRICA,,20,,face_a_face_mm,300,5,0
IRRIGAFOUR,REDUCAO_EXCENTRICA,,20,10,face_a_face_mm,300,1,0
IRRIGAFOUR,REDUCAO_EXCENTRICA,,20,12,face_a_face_mm,300,1,0
IRRIGAFOUR,REDUCAO_EXCENTRICA,,20,14,face_a_face_mm,300,1,0
IRRIGAFOUR,REDUCAO_EXCENTRICA,,20,16,face_a_face_mm,300,1,0
IRRIGAFOUR,REDUCAO_EXCENTRICA,,20,18,face_a_face_mm,300,1,0
IRRIGAFOUR,REDUCAO_EXCENTRICA,,24,,face_a_face_mm,350,4,0
IRRIGAFOUR,REDUCAO_EXCENTRICA,,24,14,face_a_face_mm,350,1,0
IRRIGAFOUR,REDUCAO_EXCENTRICA,,24,16,face_a_face_mm,350,1,0
IRRIGAFOUR,REDUCAO_EXCENTRICA,,24,18,face_a_face_mm,350,1,0
IRRIGAFOUR,REDUCAO_EXCENTRICA,,24,20,face_a_face_mm,350,1,0
IRRIGAFOUR,REDUCAO_EXCENTRICA,,28,,face_a_face_mm,350,3,0
IRRIGAFOUR,REDUCAO_EXCENTRICA,,28,18,face_a_face_mm,350,1,0
IRRIGAFOUR,REDUCAO_EXCENTRICA,,28,20,face_a_face_mm,350,1,0
IRRIGAFOUR,REDUCAO_EXCENTRICA,,28,24,face_a_face_mm,350,1,0
IRRIGAFOUR,REDUCAO_EXCENTRICA,,32,,face_a_face_mm,400,2,0
IRRIGAFOUR,REDUCAO_EXCENTRICA,,32,24,face_a_face_mm,400,1,0
IRRIGAFOUR,REDUCAO_EXCENTRICA,,32,28,face_a_face_mm,400,1,0
IRRIGAFOUR,REDUCAO_EXCENTRICA,,36,,face_a_face_mm,400,2,0
IRRIGAFOUR,REDUCAO_EXCENTRICA,,36,28,face_a_face_mm,400,1,0
IRRIGAFOUR,REDUCAO_EXCENTRICA,,36,32,face_a_face_mm,400,1,0
IRRIGAFOUR,TE,,2,,face_a_face_mm,1000,1,0
IRRIGAFOUR,TE,,2,,derivacao_mm,200,1,0
IRRIGAFOUR,TE,,3,,face_a_face_mm,1000,2,0
IRRIGAFOUR,TE,,3,,derivacao_mm,200,2,0
IRRIGAFOUR,TE,,4,,face_a_face_mm,1000,3,0
IRRIGAFOUR,TE,,4,,derivacao_mm,200,3,0
IRRIGAFOUR,TE,,5,,face_a_face_mm,1000,4,0
IRRIGAFOUR,TE,,5,,derivacao_mm,200,4,0
IRRIGAFOUR,TE,,6,,face_a_face_mm,1000,5,0
IRRIGAFOUR,TE,,6,,derivacao_mm,200,5,0
IRRIGAFOUR,TE,,8,,face_a_face_mm,1000,6,0
IRRIGAFOUR,TE,,8,,derivacao_mm,220,6,0
IRRIGAFOUR,TE,,10,,face_a_face_mm,1000,7,0
IRRIGAFOUR,TE,,10,,derivacao_mm,280,7,2
IRRIGAFOUR,TE,,12,,face_a_face_mm,1000,7,0
IRRIGAFOUR,TE,,12,,derivacao_mm,310,7,1
IRRIGAFOUR,TE,,14,,face_a_face_mm,1000,7,0
IRRIGAFOUR,TE,,14,,derivacao_mm,360,7,1
IRRIGAFOUR,TE,,16,,face_a_face_mm,1000,7,0
IRRIGAFOUR,TE,,16,,derivacao_mm,300,7,2
IRRIGAFOUR,TE,,18,,face_a_face_mm,1000,7,0
IRRIGAFOUR,TE,,18,,derivacao_mm,300,7,0
IRRIGAFOUR,TE,,20,,face_a_face_mm,1000,7,0
IRRIGAFOUR,TE,,20,,derivacao_mm,300,7,0
IRRIGAFOUR,TE,,24,,face_a_face_mm,1200,7,0
IRRIGAFOUR,TE,,24,,derivacao_mm,300,7,0
IRRIGAFOUR,TE,,28,,face_a_face_mm,1400,7,0
IRRIGAFOUR,TE,,28,,derivacao_mm,300,7,0
IRRIGAFOUR,TE,,32,,face_a_face_mm,1600,7,0
IRRIGAFOUR,TE,,32,,derivacao_mm,300,7,0
IRRIGAFOUR,TE,,36,,face_a_face_mm,1800,7,0
IRRIGAFOUR,TE,,36,,derivacao_mm,350,7,0
IRRIGAFOUR,TE_45,,4,,face_a_face_mm,1000,1,0
IRRIGAFOUR,TE_45,,4,,derivacao_mm,345,1,0
IRRIGAFOUR,TE_45,,5,,face_a_face_mm,1000,1,0
IRRIGAFOUR,TE_45,,5,,derivacao_mm,345,1,0
IRRIGAFOUR,TE_45,,6,,face_a_face_mm,1000,1,0
IRRIGAFOUR,TE_45,,6,,derivacao_mm,345,1,0
IRRIGAFOUR,TE_45,,8,,face_a_face_mm,1000,1,0
IRRIGAFOUR,TE_45,,8,,derivacao_mm,365,1,0
IRRIGAFOUR,TE_45,,10,,face_a_face_mm,1000,1,0
IRRIGAFOUR,TE_45,,10,,derivacao_mm,390,1,0
IRRIGAFOUR,TE_45,,12,,face_a_face_mm,1000,1,0
IRRIGAFOUR,TE_45,,12,,derivacao_mm,460,1,0
IRRIGAFOUR,TE_45,,14,,face_a_face_mm,1000,1,0
IRRIGAFOUR,TE_45,,14,,derivacao_mm,530,1,0
IRRIGAFOUR,TE_45,,16,,face_a_face_mm,1000,1,0
IRRIGAFOUR,TE_45,,16,,derivacao_mm,550,1,0
IRRIGAFOUR,TE_45,,18,,face_a_face_mm,1000,1,0
IRRIGAFOUR,TE_45,,18,,derivacao_mm,525,1,0
IRRIGAFOUR,TE_45,,20,,face_a_face_mm,1300,1,0
IRRIGAFOUR,TE_45,,20,,derivacao_mm,854,1,0
IRRIGAFOUR,TE_45,,24,,face_a_face_mm,1400,1,0
IRRIGAFOUR,TE_45,,24,,derivacao_mm,1060,1,0
IRRIGAFOUR,Y,,6,,face_a_face_mm,820,7,0
IRRIGAFOUR,Y,,6,,derivacao_mm,510,7,0
IRRIGAFOUR,Y,,8,,face_a_face_mm,830,7,2
IRRIGAFOUR,Y,,8,,derivacao_mm,506,7,2
IRRIGAFOUR,Y,,10,,face_a_face_mm,900,7,2
IRRIGAFOUR,Y,,10,,derivacao_mm,575,7,1
IRRIGAFOUR,Y,,12,,face_a_face_mm,970,7,2
IRRIGAFOUR,Y,,12,,derivacao_mm,630,7,2
IRRIGAFOUR,Y,,14,,face_a_face_mm,980,7,3
IRRIGAFOUR,Y,,14,,derivacao_mm,667,7,3
IRRIGAFOUR,Y,,16,,face_a_face_mm,1267,7,0
IRRIGAFOUR,Y,,16,,derivacao_mm,800,7,0
IRRIGAFOUR,Y,,18,,face_a_face_mm,1300,7,0
IRRIGAFOUR,Y,,18,,derivacao_mm,900,7,0
IRRIGAFOUR,Y,,20,,face_a_face_mm,1400,7,0
IRRIGAFOUR,Y,,20,,derivacao_mm,1000,7,0
IRRIGAFOUR,Y_45,,2,,face_a_face_mm,227,1,0
IRRIGAFOUR,Y_45,,2,,derivacao_mm,212,1,0
IRRIGAFOUR,Y_45,,2.5,,face_a_face_mm,227,1,0
IRRIGAFOUR,Y_45,,2.5,,derivacao_mm,212,1,0
IRRIGAFOUR,Y_45,,3,,face_a_face_mm,227,1,0
IRRIGAFOUR,Y_45,,3,,derivacao_mm,212,1,0
IRRIGAFOUR,Y_45,,4,,face_a_face_mm,227,1,0
IRRIGAFOUR,Y_45,,4,,derivacao_mm,212,1,0
IRRIGAFOUR,Y_45,,5,,face_a_face_mm,240,1,0
IRRIGAFOUR,Y_45,,5,,derivacao_mm,230,1,0
IRRIGAFOUR,Y_45,,6,,face_a_face_mm,375,1,0
IRRIGAFOUR,Y_45,,6,,derivacao_mm,400,1,0
IRRIGAFOUR,Y_45,,8,,face_a_face_mm,380,1,0
IRRIGAFOUR,Y_45,,8,,derivacao_mm,400,1,0
IRRIGAFOUR,Y_45,,10,,face_a_face_mm,430,1,0
IRRIGAFOUR,Y_45,,10,,derivacao_mm,430,1,0
IRRIGAFOUR,Y_45,,12,,face_a_face_mm,450,1,0
IRRIGAFOUR,Y_45,,12,,derivacao_mm,450,1,0
IRRIGAFOUR,Y_45,,14,,face_a_face_mm,450,1,0
IRRIGAFOUR,Y_45,,14,,derivacao_mm,454,1,0
IRRIGAFOUR,Y_45,,16,,face_a_face_mm,470,1,0
IRRIGAFOUR,Y_45,,16,,derivacao_mm,470,1,0
IRRIGAFOUR,Y_45,,18,,face_a_face_mm,594,1,0
IRRIGAFOUR,Y_45,,18,,derivacao_mm,600,1,0
IRRIGAFOUR,Y_45,,20,,face_a_face_mm,520,1,0
IRRIGAFOUR,Y_45,,20,,derivacao_mm,520,1,0
IRRIGAFOUR,Y_45,,24,,face_a_face_mm,884,1,0
IRRIGAFOUR,Y_45,,24,,derivacao_mm,919,1,0
IRRIGAFOUR,Y_45,,28,,face_a_face_mm,990,1,0
IRRIGAFOUR,Y_45,,28,,derivacao_mm,990,1,0
IRRIGAFOUR,Y_45,,32,,face_a_face_mm,1046,1,0
IRRIGAFOUR,Y_45,,32,,derivacao_mm,1061,1,0
IRRIGAFOUR,Y_45,,36,,face_a_face_mm,1102,1,0
IRRIGAFOUR,Y_45,,36,,derivacao_mm,1131,1,0
NETAFIM,ADAPTADOR,,2,,face_a_face_mm,70,4,0
NETAFIM,ADAPTADOR,,3,,face_a_face_mm,90,4,0
NETAFIM,ADAPTADOR,,4,,face_a_face_mm,110,4,0
NETAFIM,ADAPTADOR,,6,,face_a_face_mm,130,4,0
NETAFIM,ADAPTADOR,,8,,face_a_face_mm,140,3,0
NETAFIM,ADAPTADOR,,10,,face_a_face_mm,150,3,0
NETAFIM,ADAPTADOR,,12,,face_a_face_mm,160,3,0
NETAFIM,ADAPTADOR,,14,,face_a_face_mm,170,3,0
NETAFIM,ADAPTADOR,,16,,face_a_face_mm,180,3,0
NETAFIM,ADAPTADOR,,18,,face_a_face_mm,190,3,0
NETAFIM,ADAPTADOR,,20,,face_a_face_mm,200,3,0
NETAFIM,ADAPTADOR,,24,,face_a_face_mm,220,3,0
NETAFIM,ADAPTADOR,,28,,face_a_face_mm,240,1,0
NETAFIM,CRIVO,cone,3,,comprimento_mm,100,1,0
NETAFIM,CRIVO,cone,4,,comprimento_mm,130,1,0
NETAFIM,CRIVO,cone,6,,comprimento_mm,190,1,0
NETAFIM,CRIVO,cone,8,,comprimento_mm,250,1,0
NETAFIM,CRIVO,cone,10,,comprimento_mm,355,1,0
NETAFIM,CRIVO,cone,12,,comprimento_mm,425,1,0
NETAFIM,CRIVO,cone,14,,comprimento_mm,495,1,0
NETAFIM,CRIVO,cone,16,,comprimento_mm,565,1,0
NETAFIM,CRIVO,cone,18,,comprimento_mm,640,1,0
NETAFIM,CRIVO,cone,20,,comprimento_mm,710,1,0
NETAFIM,CRIVO,cone,24,,comprimento_mm,855,1,0
NETAFIM,CURVA,45,2,,perna_mm,153,2,0
NETAFIM,CURVA,45,3,,perna_mm,184,2,0
NETAFIM,CURVA,45,4,,perna_mm,245,2,0
NETAFIM,CURVA,45,5,,perna_mm,276,1,0
NETAFIM,CURVA,45,6,,perna_mm,307,2,0
NETAFIM,CURVA,45,8,,perna_mm,337,2,0
NETAFIM,CURVA,45,10,,perna_mm,400,2,0
NETAFIM,CURVA,45,12,,perna_mm,460,2,0
NETAFIM,CURVA,45,14,,perna_mm,460,2,0
NETAFIM,CURVA,45,16,,perna_mm,491,2,0
NETAFIM,CURVA,45,18,,perna_mm,521,2,0
NETAFIM,CURVA,45,20,,perna_mm,583,2,0
NETAFIM,CURVA,45,24,,perna_mm,675,2,0
NETAFIM,CURVA,45,28,,perna_mm,838,1,0
NETAFIM,CURVA,90,2,,perna_mm,132.5,5,0
NETAFIM,CURVA,90,3,,perna_mm,152,5,0
NETAFIM,CURVA,90,4,,perna_mm,175,5,0
NETAFIM,CURVA,90,5,,perna_mm,191,1,0
NETAFIM,CURVA,90,6,,perna_mm,216,5,0
NETAFIM,CURVA,90,8,,perna_mm,297,5,0
NETAFIM,CURVA,90,10,,perna_mm,325,5,0
NETAFIM,CURVA,90,12,,perna_mm,365,5,0
NETAFIM,CURVA,90,14,,perna_mm,370,5,0
NETAFIM,CURVA,90,16,,perna_mm,405,5,0
NETAFIM,CURVA,90,18,,perna_mm,427.5,5,0
NETAFIM,CURVA,90,20,,perna_mm,457,5,0
NETAFIM,CURVA,90,24,,perna_mm,559,5,0
NETAFIM,CURVA,90,28,,perna_mm,610,1,0
NETAFIM,MANIFOLD,D02,4,,comprimento_mm,1500,1,0
NETAFIM,MANIFOLD,D02,6,,comprimento_mm,1500,2,0
NETAFIM,MANIFOLD,D02,8,,comprimento_mm,1500,3,0
NETAFIM,MANIFOLD,D02,10,,comprimento_mm,1500,4,0
NETAFIM,MANIFOLD,D02,12,,comprimento_mm,1500,4,0
NETAFIM,MANIFOLD,D02,14,,comprimento_mm,1500,2,0
NETAFIM,MANIFOLD,D02,16,,comprimento_mm,1500,2,0
NETAFIM,MANIFOLD,D02,20,,comprimento_mm,1500,2,0
NETAFIM,MANIFOLD,D03,2,,comprimento_mm,1500,1,0
NETAFIM,MANIFOLD,D03,3,,comprimento_mm,1500,2,0
NETAFIM,MANIFOLD,D03,4,,comprimento_mm,1500,2,0
NETAFIM,MANIFOLD,D03,6,,comprimento_mm,1500,2,0
NETAFIM,MANIFOLD,D03,8,,comprimento_mm,1500,2,0
NETAFIM,MANIFOLD,D03,10,,comprimento_mm,1500,2,0
NETAFIM,MANIFOLD,D03,12,,comprimento_mm,1500,2,0
NETAFIM,MANIFOLD,D04,2,,comprimento_mm,1500,1,0
NETAFIM,MANIFOLD,D04,3,,comprimento_mm,1500,1,0
NETAFIM,MANIFOLD,D04,4,,comprimento_mm,1500,1,0
NETAFIM,MANIFOLD,D04,6,,comprimento_mm,1500,1,0
NETAFIM,MANIFOLD,D04,8,,comprimento_mm,1500,1,0
NETAFIM,MANIFOLD,D04,10,,comprimento_mm,1500,1,0
NETAFIM,MANIFOLD,D04,12,,comprimento_mm,1500,1,0
NETAFIM,MANIFOLD,D04,14,,comprimento_mm,1500,1,0
NETAFIM,MANIFOLD,D05,2,,comprimento_mm,1200,1,0
NETAFIM,MANIFOLD,D05,3,,comprimento_mm,1200,1,0
NETAFIM,MANIFOLD,D05,4,,comprimento_mm,1200,1,0
NETAFIM,MANIFOLD,D05,6,,comprimento_mm,1200,1,0
NETAFIM,MANIFOLD,D05,8,,comprimento_mm,1200,1,0
NETAFIM,MANIFOLD,D05,10,,comprimento_mm,1200,1,0
NETAFIM,MANIFOLD,D05,12,,comprimento_mm,1200,1,0
NETAFIM,MANIFOLD,D05,14,,comprimento_mm,1200,1,0
NETAFIM,MANIFOLD,D05,16,,comprimento_mm,1200,1,0
NETAFIM,MANIFOLD,D05,18,,comprimento_mm,1200,1,0
NETAFIM,MANIFOLD,D05,20,,comprimento_mm,1200,1,0
NETAFIM,MANIFOLD,D05,24,,comprimento_mm,1200,1,0
NETAFIM,MANIFOLD,D06,2,,comprimento_mm,500,1,0
NETAFIM,MANIFOLD,D06,3,,comprimento_mm,500,2,0
NETAFIM,MANIFOLD,D06,4,,comprimento_mm,500,2,0
NETAFIM,MANIFOLD,D06,6,,comprimento_mm,500,2,0
NETAFIM,MANIFOLD,D06,8,,comprimento_mm,500,2,0
NETAFIM,MANIFOLD,D06,10,,comprimento_mm,500,2,0
NETAFIM,MANIFOLD,D06,12,,comprimento_mm,500,2,0
NETAFIM,MANIFOLD,D07,2,,comprimento_mm,1200,1,0
NETAFIM,MANIFOLD,D07,3,,comprimento_mm,1200,1,0
NETAFIM,MANIFOLD,D07,4,,comprimento_mm,1200,1,0
NETAFIM,MANIFOLD,D07,6,,comprimento_mm,1200,1,0
NETAFIM,MANIFOLD,D07,8,,comprimento_mm,1200,1,0
NETAFIM,MANIFOLD,D07,10,,comprimento_mm,1200,1,0
NETAFIM,MANIFOLD,D07,12,,comprimento_mm,1200,1,0
NETAFIM,MANIFOLD,D07,14,,comprimento_mm,1200,1,0
NETAFIM,MANIFOLD,D07,16,,comprimento_mm,1200,1,0
NETAFIM,MANIFOLD,D07,18,,comprimento_mm,1200,1,0
NETAFIM,MANIFOLD,D07,20,,comprimento_mm,1200,1,0
NETAFIM,MANIFOLD,D07,24,,comprimento_mm,1200,1,0
NETAFIM,MANIFOLD,D07,28,,comprimento_mm,1750,1,0
NETAFIM,MANIFOLD,D11,2,,comprimento_mm,1000,1,0
NETAFIM,MANIFOLD,D11,3,,comprimento_mm,1000,1,0
NETAFIM,MANIFOLD,D11,4,,comprimento_mm,1000,1,0
NETAFIM,MANIFOLD,D11,6,,comprimento_mm,1000,1,0
NETAFIM,MANIFOLD,D11,8,,comprimento_mm,1000,1,0
NETAFIM,MANIFOLD,D11,10,,comprimento_mm,1000,1,0
NETAFIM,MANIFOLD,D11,12,,comprimento_mm,1000,1,0
NETAFIM,MANIFOLD,D11,14,,comprimento_mm,1000,1,0
NETAFIM,MANIFOLD,D11,16,,comprimento_mm,1000,1,0
NETAFIM,MANIFOLD,D11,18,,comprimento_mm,1000,1,0
NETAFIM,MANIFOLD,D11,20,,comprimento_mm,1000,1,0
NETAFIM,MANIFOLD,D11,24,,comprimento_mm,2000,1,0
NETAFIM,MANIFOLD,D11,28,,comprimento_mm,2000,1,0
NETAFIM,MANIFOLD,D12,3,,comprimento_mm,2000,2,0
NETAFIM,MANIFOLD,D12,4,,comprimento_mm,2250,2,0
NETAFIM,MANIFOLD,D12,6,,comprimento_mm,2750,2,0
NETAFIM,MANIFOLD,D12,8,,comprimento_mm,3250,2,0
NETAFIM,MANIFOLD,D12,10,,comprimento_mm,2500,2,0
NETAFIM,MANIFOLD,D12,12,,comprimento_mm,3000,2,0
NETAFIM,REDUCAO_CONCENTRICA,,3,,face_a_face_mm,250,4,0
NETAFIM,REDUCAO_CONCENTRICA,,4,,face_a_face_mm,250,4,0
NETAFIM,REDUCAO_CONCENTRICA,,5,,face_a_face_mm,250,2,0
NETAFIM,REDUCAO_CONCENTRICA,,6,,face_a_face_mm,300,4,0
NETAFIM,REDUCAO_CONCENTRICA,,8,,face_a_face_mm,300,4,0
NETAFIM,REDUCAO_CONCENTRICA,,10,,face_a_face_mm,350,4,0
NETAFIM,REDUCAO_CONCENTRICA,,12,,face_a_face_mm,450,4,0
NETAFIM,REDUCAO_CONCENTRICA,,14,,face_a_face_mm,600,4,0
NETAFIM,REDUCAO_CONCENTRICA,,16,,face_a_face_mm,600,4,0
NETAFIM,REDUCAO_CONCENTRICA,,18,,face_a_face_mm,600,4,0
NETAFIM,REDUCAO_CONCENTRICA,,20,,face_a_face_mm,600,4,0
NETAFIM,REDUCAO_CONCENTRICA,,24,,face_a_face_mm,600,4,0
NETAFIM,REDUCAO_EXCENTRICA,,3,,face_a_face_mm,250,4,0
NETAFIM,REDUCAO_EXCENTRICA,,4,,face_a_face_mm,250,4,0
NETAFIM,REDUCAO_EXCENTRICA,,5,,face_a_face_mm,250,2,0
NETAFIM,REDUCAO_EXCENTRICA,,6,,face_a_face_mm,300,4,0
NETAFIM,REDUCAO_EXCENTRICA,,8,,face_a_face_mm,300,4,0
NETAFIM,REDUCAO_EXCENTRICA,,10,,face_a_face_mm,350,4,0
NETAFIM,REDUCAO_EXCENTRICA,,12,,face_a_face_mm,450,4,0
NETAFIM,REDUCAO_EXCENTRICA,,14,,face_a_face_mm,600,4,0
NETAFIM,REDUCAO_EXCENTRICA,,16,,face_a_face_mm,600,4,0
NETAFIM,REDUCAO_EXCENTRICA,,18,,face_a_face_mm,600,4,0
NETAFIM,REDUCAO_EXCENTRICA,,20,,face_a_face_mm,600,4,0
NETAFIM,REDUCAO_EXCENTRICA,,24,,face_a_face_mm,600,4,0
NETAFIM,TE,,2,,perna_mm,132.5,1,0
NETAFIM,TE,,3,,perna_mm,152,1,0
NETAFIM,TE,,4,,perna_mm,175,1,0
NETAFIM,TE,,6,,perna_mm,216,1,0
NETAFIM,TE,,8,,perna_mm,297,1,0
NETAFIM,TE,,10,,perna_mm,325,1,0
NETAFIM,TE,,12,,perna_mm,365,1,0
NETAFIM,TE,,14,,perna_mm,370,1,0
NETAFIM,TE,,16,,perna_mm,405,1,0
NETAFIM,TE,,18,,perna_mm,427.5,1,0
NETAFIM,TE,,20,,perna_mm,457,1,0
NETAFIM,TE,,24,,perna_mm,559,1,0
RAN,VALVULA_GAVETA,,2,,face_a_face_mm,150,1,0
RAN,VALVULA_GAVETA,,2,,altura_total_mm,220,1,0
RAN,VALVULA_GAVETA,,2,,volante_mm,200,1,0
RAN,VALVULA_GAVETA,,3,,face_a_face_mm,180,1,0
RAN,VALVULA_GAVETA,,3,,altura_total_mm,270,1,0
RAN,VALVULA_GAVETA,,3,,volante_mm,250,1,0
RAN,VALVULA_GAVETA,,3,,face_a_face_mm,180,1,0
RAN,VALVULA_GAVETA,,3,,altura_total_mm,270,1,0
RAN,VALVULA_GAVETA,,3,,volante_mm,250,1,0
RAN,VALVULA_GAVETA,,4,,face_a_face_mm,190,1,0
RAN,VALVULA_GAVETA,,4,,altura_total_mm,320,1,0
RAN,VALVULA_GAVETA,,4,,volante_mm,300,1,0
RAN,VALVULA_GAVETA,,5,,face_a_face_mm,200,1,0
RAN,VALVULA_GAVETA,,5,,altura_total_mm,410,1,0
RAN,VALVULA_GAVETA,,5,,volante_mm,300,1,0
RAN,VALVULA_GAVETA,,6,,face_a_face_mm,210,1,0
RAN,VALVULA_GAVETA,,6,,altura_total_mm,410,1,0
RAN,VALVULA_GAVETA,,6,,volante_mm,300,1,0
RAN,VALVULA_GAVETA,,8,,face_a_face_mm,230,1,0
RAN,VALVULA_GAVETA,,8,,altura_total_mm,510,1,0
RAN,VALVULA_GAVETA,,8,,volante_mm,500,1,0
RAN,VALVULA_GAVETA,,10,,face_a_face_mm,250,1,0
RAN,VALVULA_GAVETA,,10,,altura_total_mm,610,1,0
RAN,VALVULA_GAVETA,,10,,volante_mm,500,1,0
RAN,VALVULA_GAVETA,,12,,face_a_face_mm,270,1,0
RAN,VALVULA_GAVETA,,12,,altura_total_mm,735,1,0
RAN,VALVULA_GAVETA,,12,,volante_mm,500,1,0
RAN,VALVULA_GAVETA,,14,,face_a_face_mm,290,1,0
RAN,VALVULA_GAVETA,,14,,altura_total_mm,867,1,0
RAN,VALVULA_GAVETA,,14,,volante_mm,585,1,0
RAN,VALVULA_GAVETA,,16,,face_a_face_mm,310,1,0
RAN,VALVULA_GAVETA,,16,,altura_total_mm,850,1,0
RAN,VALVULA_GAVETA,,16,,volante_mm,585,1,0
RAN,VALVULA_RETENCAO,FECHAMENTO_RAPIDO,4,,diametro_corpo_mm,156,1,0
RAN,VALVULA_RETENCAO,FECHAMENTO_RAPIDO,4,,H_conferir_mm,100,1,0
RAN,VALVULA_RETENCAO,FECHAMENTO_RAPIDO,4,,L_conferir_mm,130,1,0
RAN,VALVULA_RETENCAO,FECHAMENTO_RAPIDO,5,,diametro_corpo_mm,180,1,0
RAN,VALVULA_RETENCAO,FECHAMENTO_RAPIDO,5,,H_conferir_mm,138,1,0
RAN,VALVULA_RETENCAO,FECHAMENTO_RAPIDO,5,,L_conferir_mm,145,1,0
RAN,VALVULA_RETENCAO,FECHAMENTO_RAPIDO,6,,diametro_corpo_mm,211,1,0
RAN,VALVULA_RETENCAO,FECHAMENTO_RAPIDO,6,,H_conferir_mm,150,1,0
RAN,VALVULA_RETENCAO,FECHAMENTO_RAPIDO,6,,L_conferir_mm,180,1,0
RAN,VALVULA_RETENCAO,FECHAMENTO_RAPIDO,8,,diametro_corpo_mm,266,1,0
RAN,VALVULA_RETENCAO,FECHAMENTO_RAPIDO,8,,H_conferir_mm,128,1,0
RAN,VALVULA_RETENCAO,FECHAMENTO_RAPIDO,8,,L_conferir_mm,180,1,0
RAN,VALVULA_RETENCAO,FECHAMENTO_RAPIDO,10,,diametro_corpo_mm,319,1,0
RAN,VALVULA_RETENCAO,FECHAMENTO_RAPIDO,10,,H_conferir_mm,146,1,0
RAN,VALVULA_RETENCAO,FECHAMENTO_RAPIDO,10,,L_conferir_mm,257,1,0
RAN,VALVULA_RETENCAO,FECHAMENTO_RAPIDO,12,,diametro_corpo_mm,370,1,0
RAN,VALVULA_RETENCAO,FECHAMENTO_RAPIDO,12,,H_conferir_mm,181,1,0
RAN,VALVULA_RETENCAO,FECHAMENTO_RAPIDO,12,,L_conferir_mm,260,1,0
RAN,VALVULA_RETENCAO,FECHAMENTO_RAPIDO,14,,diametro_corpo_mm,429,1,0
RAN,VALVULA_RETENCAO,FECHAMENTO_RAPIDO,14,,H_conferir_mm,223,1,0
RAN,VALVULA_RETENCAO,FECHAMENTO_RAPIDO,14,,L_conferir_mm,286,1,0
RAN,VALVULA_RETENCAO,FECHAMENTO_RAPIDO,16,,diametro_corpo_mm,485,1,0
RAN,VALVULA_RETENCAO,FECHAMENTO_RAPIDO,16,,H_conferir_mm,235,1,0
RAN,VALVULA_RETENCAO,FECHAMENTO_RAPIDO,16,,L_conferir_mm,215,1,0
SAINT-GOBAIN,VALVULA_BORBOLETA,ALAVANCA,2,,face_a_face_mm,42,1,0
SAINT-GOBAIN,VALVULA_BORBOLETA,ALAVANCA,2,,altura_acima_mm,141.2,1,0
SAINT-GOBAIN,VALVULA_BORBOLETA,ALAVANCA,2,,altura_abaixo_mm,68.6,1,0
SAINT-GOBAIN,VALVULA_BORBOLETA,ALAVANCA,2,,alcance_acionamento_mm,195,1,0
SAINT-GOBAIN,VALVULA_BORBOLETA,ALAVANCA,2.5,,face_a_face_mm,44.5,1,0
SAINT-GOBAIN,VALVULA_BORBOLETA,ALAVANCA,2.5,,altura_acima_mm,150.4,1,0
SAINT-GOBAIN,VALVULA_BORBOLETA,ALAVANCA,2.5,,altura_abaixo_mm,76,1,0
SAINT-GOBAIN,VALVULA_BORBOLETA,ALAVANCA,2.5,,alcance_acionamento_mm,195,1,0
SAINT-GOBAIN,VALVULA_BORBOLETA,ALAVANCA,3,,face_a_face_mm,44.5,1,0
SAINT-GOBAIN,VALVULA_BORBOLETA,ALAVANCA,3,,altura_acima_mm,156.4,1,0
SAINT-GOBAIN,VALVULA_BORBOLETA,ALAVANCA,3,,altura_abaixo_mm,95,1,0
SAINT-GOBAIN,VALVULA_BORBOLETA,ALAVANCA,3,,alcance_acionamento_mm,195,1,0
SAINT-GOBAIN,VALVULA_BORBOLETA,ALAVANCA,4,,face_a_face_mm,51,1,0
SAINT-GOBAIN,VALVULA_BORBOLETA,ALAVANCA,4,,altura_acima_mm,167.9,1,0
SAINT-GOBAIN,VALVULA_BORBOLETA,ALAVANCA,4,,altura_abaixo_mm,110,1,0
SAINT-GOBAIN,VALVULA_BORBOLETA,ALAVANCA,4,,alcance_acionamento_mm,266,1,0
SAINT-GOBAIN,VALVULA_BORBOLETA,ALAVANCA,5,,face_a_face_mm,54.5,1,0
SAINT-GOBAIN,VALVULA_BORBOLETA,ALAVANCA,5,,altura_acima_mm,186.5,1,0
SAINT-GOBAIN,VALVULA_BORBOLETA,ALAVANCA,5,,altura_abaixo_mm,129.4,1,0
SAINT-GOBAIN,VALVULA_BORBOLETA,ALAVANCA,5,,alcance_acionamento_mm,266,1,0
SAINT-GOBAIN,VALVULA_BORBOLETA,ALAVANCA,6,,face_a_face_mm,54.5,1,0
SAINT-GOBAIN,VALVULA_BORBOLETA,ALAVANCA,6,,altura_acima_mm,205.7,1,0
SAINT-GOBAIN,VALVULA_BORBOLETA,ALAVANCA,6,,altura_abaixo_mm,142,1,0
SAINT-GOBAIN,VALVULA_BORBOLETA,ALAVANCA,6,,alcance_acionamento_mm,328,1,0
SAINT-GOBAIN,VALVULA_BORBOLETA,CAIXA,8,,face_a_face_mm,59.6,1,0
SAINT-GOBAIN,VALVULA_BORBOLETA,CAIXA,8,,altura_acima_mm,230.6,1,0
SAINT-GOBAIN,VALVULA_BORBOLETA,CAIXA,8,,altura_abaixo_mm,176,1,0
SAINT-GOBAIN,VALVULA_BORBOLETA,CAIXA,8,,alcance_acionamento_mm,185,1,0
SAINT-GOBAIN,VALVULA_BORBOLETA,CAIXA,10,,face_a_face_mm,67,1,0
SAINT-GOBAIN,VALVULA_BORBOLETA,CAIXA,10,,altura_acima_mm,269.9,1,0
SAINT-GOBAIN,VALVULA_BORBOLETA,CAIXA,10,,altura_abaixo_mm,212,1,0
SAINT-GOBAIN,VALVULA_BORBOLETA,CAIXA,10,,alcance_acionamento_mm,280,1,0
SAINT-GOBAIN,VALVULA_BORBOLETA,CAIXA,12,,face_a_face_mm,75.5,1,0
SAINT-GOBAIN,VALVULA_BORBOLETA,CAIXA,12,,altura_acima_mm,327.8,1,0
SAINT-GOBAIN,VALVULA_BORBOLETA,CAIXA,12,,altura_abaixo_mm,248.5,1,0
SAINT-GOBAIN,VALVULA_BORBOLETA,CAIXA,12,,alcance_acionamento_mm,280,1,0
SAINT-GOBAIN,VALVULA_BORBOLETA,CAIXA,14,,face_a_face_mm,75.5,1,0
SAINT-GOBAIN,VALVULA_BORBOLETA,CAIXA,14,,altura_acima_mm,368,1,0
SAINT-GOBAIN,VALVULA_BORBOLETA,CAIXA,14,,altura_abaixo_mm,272,1,0
SAINT-GOBAIN,VALVULA_BORBOLETA,CAIXA,14,,alcance_acionamento_mm,280,1,0
