pagina,peca,dn_mm,dn_pol,cotas,sap,situacao
10,,48,2,"70 4,75 2"" 18,00 FL NBR7675 PN16 Rosca Macho BSP",01523-010506,cadastrado
10,,76,3,"90 4,75 3"" 25,00 FL NBR7675 PN16 Rosca Macho BSP",01523-011010,cadastrado
10,,102,4,"110 4,75 4"" 30,00 FL NBR7675 PN16 Rosca Macho BSP",01523-012010,cadastrado
10,,152,6,"130 4,75 6"" 40,00 FL NBR7675 PN16 Rosca Macho BSP 01523-",,indefinido
11,,48,2,"70 2,00 FL NBR7675 PN16 K10",,CADASTRAR
11,,76,3,"90 2,00 FL NBR7675 PN16 K10",01523-011050,cadastrado
11,,102,4,"110 2,00 FL NBR7675 PN16 K10",01523-012050,cadastrado
11,,152,6,"130 2,00 FL NBR7675 PN16 K10",01523-013050,cadastrado
11,,203,8,"140 2,00 FL NBR7675 PN16 K10",01523-014050,cadastrado
11,,261,10,"150 2,65 FL NBR7675 PN16 K10",01523-014550,cadastrado
11,,318,12,"160 2,65 FL NBR7675 PN16 K10",01523-015050,cadastrado
11,,368,14,"170 3,00 FL NBR7675 PN16 K10",01523-015500,cadastrado
11,,419,16,"180 4,75 FL NBR7675 PN16 K10",01523-016510,cadastrado
11,,470,18,"190 4,75 FL NBR7675 PN16 K10",,CADASTRAR
11,,521,20,"200 4,75 FL NBR7675 PN16 K10",01523-017510,cadastrado
11,,622,24,"220 6,35 FL NBR7675 PN16 K10",,CADASTRAR
12,,48,2,"70 2,00 FL NBR7675 PN16 K10",,CADASTRAR
12,,76,3,"90 2,00 FL NBR7675 PN16 K10",01523-011050,cadastrado
12,,102,4,"110 2,00 FL NBR7675 PN16 K10",01523-012050,cadastrado
12,,152,6,"130 2,00 FL NBR7675 PN16 K10",01523-013050,cadastrado
12,,203,8,"140 2,00 FL NBR7675 PN16 K10",01523-014050,cadastrado
12,,261,10,"150 2,65 FL NBR7675 PN16 K10",01523-014550,cadastrado
12,,318,12,"160 2,65 FL NBR7675 PN16 K10",01523-015050,cadastrado
12,,368,14,"170 3,00 FL NBR7675 PN16 K10",01523-015500,cadastrado
12,,419,16,"180 4,75 FL NBR7675 PN16 K10",01523-016510,cadastrado
12,,470,18,"190 4,75 FL NBR7675 PN16 K10",,CADASTRAR
12,,521,20,"200 4,75 FL NBR7675 PN16 K10",01523-017510,cadastrado
12,,622,24,"220 6,35 FL NBR7675 PN16 K10",,CADASTRAR
12,,711,28,"240 6,35 FL NBR7675 PN16 K10",01523-000037,cadastrado
13,,48,2,"70 2,00 FL NBR7675 PN16 Ponta Lisa",,CADASTRAR
13,,76,3,"90 2,00 FL NBR7675 PN16 Ponta Lisa",01523-011035,cadastrado
13,,102,4,"110 2,00 FL NBR7675 PN16 Ponta Lisa",01523-012035,cadastrado
13,,152,6,"130 2,00 FL NBR7675 PN16 Ponta Lisa",01523-013035,cadastrado
13,,203,8,"140 2,00 FL NBR7675 PN16 Ponta Lisa",01523-014035,cadastrado
13,,261,10,"150 2,65 FL NBR7675 PN16 Ponta Lisa",,CADASTRAR
13,,318,12,"160 2,65 FL NBR7675 PN16 Ponta Lisa",,CADASTRAR
13,,368,14,"170 3,00 FL NBR7675 PN16 Ponta Lisa",,CADASTRAR
13,,419,16,"180 4,75 FL NBR7675 PN16 Ponta Lisa",,CADASTRAR
13,,470,18,"190 4,75 FL NBR7675 PN16 Ponta Lisa",,CADASTRAR
13,,521,20,"200 4,75 FL NBR7675 PN16 Ponta Lisa",,CADASTRAR
13,,622,24,"220 6,35 FL NBR7675 PN16 Ponta Lisa",,CADASTRAR
14,,76,3,"100 2,00 10,00 3,00 3,00 6,00 FL NBR7675 PN16",01523-051000,cadastrado
14,,102,4,"130 2,00 10,00 3,00 3,00 6,00 FL NBR7675 PN16",01523-052000,cadastrado
14,,152,6,"190 2,00 10,00 3,00 3,00 6,00 FL NBR7675 PN16",01523-053000,cadastrado
14,,203,8,"250 2,00 10,00 3,00 3,00 6,00 FL NBR7675 PN16",01523-054000,cadastrado
14,,261,10,"355 2,65 10,00 3,00 3,00 6,00 FL NBR7675 PN16",01523-054500,cadastrado
14,,318,12,"425 2,65 10,00 3,00 3,00 6,00 FL NBR7675 PN16",01523-055000,cadastrado
14,,368,14,"495 3,00 10,00 3,00 3,00 6,00 FL NBR7675 PN16",01523-055500,cadastrado
14,,419,16,"565 4,75 10,00 3,00 3,00 6,00 FL NBR7675 PN16",,CADASTRAR
14,,470,18,"640 4,75 10,00 3,00 3,00 6,00 FL NBR7675 PN16",,CADASTRAR
14,,521,20,"710 4,75 10,00 3,00 3,00 6,00 FL NBR7675 PN16",,CADASTRAR
14,,622,24,"855 6,35 10,00 3,00 3,00 6,00 FL NBR7675 PN16",,CADASTRAR
15,,48,2,"153,00 2,00 K10 K10 32,21 22,66 70,41 51,32 11,25° 22,50° 11,25°",,CADASTRAR
15,,76,3,"184,00 2,00 K10 K10 41,16 26,04 88,32 58,08 11,25° 22,50° 11,25°",,CADASTRAR
15,,102,4,"245,00 2,00 K10 K10 54,88 34,59 117,76 77,18 11,25° 22,50° 11,25°",01523-092010,cadastrado
15,,152,6,"307,00 2,00 K10 K10 72,18 41,95 152,37 91,90 11,25° 22,50° 11,25°",01523-093010,cadastrado
15,,203,8,"337,00 2,00 K10 K10 84,21 40,78 174,45 93,69 11,25° 22,50° 11,25°",01523-094010,cadastrado
15,,261,10,"400,00 2,65 K10 K10 100,52 48,61 211,05 107,21 11,25° 22,50° 11,25°",01523-094550,cadastrado
15,,318,12,"460,00 2,65 K10 K10 118,13 54,87 246,25 119,75 11,25° 22,50° 11,25°",01523-095050,cadastrado
15,,368,14,"460,00 3,00 K10 K10 122,10 48,90 256,20 109,80 11,25° 22,50° 11,25°",01523-095065,cadastrado
15,,419,16,"491,00 4,75 K10 K10 133,34 49,99 278,68 111,99 11,25° 22,50° 11,25°",01523-095071,cadastrado
15,,470,18,"521,00 4,75 K10 K10 144,38 50,89 300,76 113,78 11,25° 22,50° 11,25°",,CADASTRAR
15,,521,20,"583,00 4,75 K10 K10 161,78 58,15 335,57 128,30 11,25° 22,50° 11,25°",01523-095075,cadastrado
15,,622,24,"675,00 6,35 K10 K10 189,13 65,40 392,26 144,81 11,25° 22,50° 11,25°",01523-095076,cadastrado
15,,711,28,"838,00 6,35 K10 K10 230,40 88,98 474,80 191,95 11,25° 22,50° 11,25°",01523-000038,cadastrado
16,,133,5,"276,00 2,00 FL EN1092 PN16 64,13 37,67 136,25 83,34 11,25° 22,50° 11,25°",01523-000017,cadastrado
17,,48,2,"153,00 2,00 FL NBR7675 PN16 32,21 22,66 70,41 51,32 11,25° 22,50° 11,25°",,CADASTRAR
17,,76,3,"184,00 2,00 FL NBR7675 PN16 41,16 26,04 88,32 58,08 11,25° 22,50° 11,25°",01523-091000,cadastrado
17,,102,4,"245,00 2,00 FL NBR7675 PN16 54,88 34,59 117,76 77,18 11,25° 22,50° 11,25°",01523-092000,cadastrado
17,,152,6,"307,00 2,00 FL NBR7675 PN16 72,18 41,95 152,37 91,90 11,25° 22,50° 11,25°",01523-093000,cadastrado
17,,203,8,"337,00 2,00 FL NBR7675 PN16 84,21 40,78 174,45 93,69 11,25° 22,50° 11,25°",01523-094000,cadastrado
17,,261,10,"400,00 2,65 FL NBR7675 PN16 100,52 48,61 211,05 107,21 11,25° 22,50° 11,25°",01523-094500,cadastrado
17,,318,12,"460,00 2,65 FL NBR7675 PN16 118,13 54,87 246,25 119,75 11,25° 22,50° 11,25°",01523-095000,cadastrado
17,,368,14,"460,00 3,00 FL NBR7675 PN16 122,10 48,90 256,20 109,80 11,25° 22,50° 11,25°",01523-095060,cadastrado
17,,419,16,"491,00 4,75 FL NBR7675 PN16 133,34 49,99 278,68 111,99 11,25° 22,50° 11,25°",01523-095070,cadastrado
17,,470,18,"521,00 4,75 FL NBR7675 PN16 144,38 50,89 300,76 113,78 11,25° 22,50° 11,25°",,CADASTRAR
17,,521,20,"583,00 4,75 FL NBR7675 PN16 161,78 58,15 335,57 128,30 11,25° 22,50° 11,25°",01523-095074,cadastrado
17,,622,24,"675,00 6,35 FL NBR7675 PN16 189,13 65,40 392,26 144,81 11,25° 22,50° 11,25°",01523-095077,cadastrado
18,,48,2,"153,00 2,00 K10 FL NBR7675 PN16 32,21 22,66 70,41 51,32 11,25° 22,50° 11,25°",,indefinido
18,,76,3,"184,00 2,00 K10 FL NBR7675 PN16 41,16 26,04 88,32 58,08 11,25° 22,50° 11,25°",,indefinido
18,,102,4,"245,00 2,00 K10 FL NBR7675 PN16 54,88 34,59 117,76 77,18 11,25° 22,50° 11,25°",,indefinido
18,,152,6,"307,00 2,00 K10 FL NBR7675 PN16 72,18 41,95 152,37 91,90 11,25° 22,50° 11,25°",,indefinido
18,,203,8,"337,00 2,00 K10 FL NBR7675 PN16 84,21 40,78 174,45 93,69 11,25° 22,50° 11,25°",,indefinido
18,,261,10,"400,00 2,65 K10 FL NBR7675 PN16 100,52 48,61 211,05 107,21 11,25° 22,50° 11,25°",,indefinido
18,,318,12,"460,00 2,65 K10 FL NBR7675 PN16 118,13 54,87 246,25 119,75 11,25° 22,50° 11,25°",,indefinido
18,,368,14,"460,00 3,00 K10 FL NBR7675 PN16 122,10 48,90 256,20 109,80 11,25° 22,50° 11,25°",01523-095067,cadastrado
18,,419,16,"491,00 4,75 K10 FL NBR7675 PN16 133,34 49,99 278,68 111,99 11 ,25° 22,50° 11,25°",01523-095072,cadastrado
18,,470,18,"521,00 4,75 K10 FL NBR7675 PN16 144,38 50,89 300,76 113,78 11,25° 22,50° 11,25°",,indefinido
18,,521,20,"583,00 4,75 K10 FL NBR7675 PN16 161,78 58,15 335,57 128,30 11,25° 22,50° 11,25°",01523-095073,cadastrado
18,,622,24,"675,00 6,35 K10 FL NBR7675 PN16 189,13 65,40 392,26 144,81 11,25° 22,50° 11,25°",,indefinido
19,,48,2,"132,50 2,00 K10 38,93 26,07 83,87 58,14 15° 30° 30° 15° 01523-",,indefinido
19,,76,3,"152,00 2,00 K10 47,91 27,55 101,82 61,09 15° 30° 30° 15°",01523-131050,cadastrado
19,,102,4,"175,00 2,00 K10 56,56 29,23 121,11 66,45 15° 30° 30° 15°",01523-132050,cadastrado
19,,152,6,"216,00 2,00 K10 74,24 33,51 156,48 75,03 15° 30° 30° 15°",01523-133050,cadastrado
19,,203,8,"297,00 2,00 K10 101,78 47,38 213,56 104,77 15° 30° 30° 15°",01523-134050,cadastrado
19,,261,10,"325,00 2,65 K10 117,05 47,12 244,10 104,23 15° 30° 30° 15°",01523-134550,cadastrado
19,,318,12,"365,00 2,65 K10 135,41 50,20 280,81 110,40 15° 30° 30° 15°",01523-135050,cadastrado
19,,368,14,"370,00 3,00 K10 142,44 43,84 296,89 99,68 15° 30° 30° 15°",01523-135501,cadastrado
19,,419,16,"405,00 4,75 K10 158,65 46,38 329,31 104,77 15° 30° 30° 15°",01523-135511,cadastrado
19,,470,18,"427,50 4,75 K10 171,52 45,58 355,03 103,16 15° 30° 30° 15° 01523-",,indefinido
19,,521,20,"457,00 4,75 K10 186,25 46,65 384,51 105,30 15° 30° 30° 15° 01523-",,indefinido
19,,622,24,"559,00 6,35 K10 226,12 59,45 466,23 132,90 15° 30° 30° 15° 01523-",,indefinido
20,,48,2,"132,50 2,00 FL EN1092 PN16 38,93 26,07 83,87 58,14 15° 30° 30° 15°",,CADASTRAR
20,,76,3,"152,00 2,00 FL EN1092 PN16 47,91 27,55 101,82 61,09 15° 30° 30° 15°",,CADASTRAR
20,,102,4,"175,00 2,00 FL EN1092 PN16 56,56 29,23 121,11 66,45 15° 30° 30° 15°",,CADASTRAR
20,,133,5,"191,00 2,00 FL EN1092 PN16 104,18 63,45 143,08 61,63 15° 30° 30° 15°",01523-000018,cadastrado
20,,152,6,"216,00 2,00 FL EN1092 PN16 74,24 33,51 156,48 75,03 15° 30° 30° 15°",,CADASTRAR
20,,203,8,"297,00 2,00 FL EN1092 PN16 101,78 47,38 213,56 104,77 15° 30° 30° 15°",,CADASTRAR
20,,261,10,"325,00 2,65 FL EN1092 PN16 117,05 47,12 244,10 104,23 15° 30° 30° 15°",,CADASTRAR
20,,318,12,"365,00 2,65 FL EN1092 PN16 135,41 50,20 280,81 110,40 15° 30° 30° 15°",,CADASTRAR
20,,368,14,"370,00 3,00 FL EN1092 PN16 142,44 43,84 296,89 99,68 15° 30° 30° 15°",,CADASTRAR
20,,419,16,"405,00 4,75 FL EN1092 PN16 158,65 46,38 329,31 104,77 15° 30° 30° 15°",,CADASTRAR
20,,470,18,"427,50 4,75 FL EN1092 PN16 171,52 45,58 355,03 103,16 15° 30° 30° 15°",,CADASTRAR
20,,521,20,"457,00 4,75 FL EN1092 PN16 186,25 46,65 384,51 105,30 15° 30° 30° 15°",,CADASTRAR
20,,622,24,"559,00 6,35 FL EN1092 PN16 226,12 59,45 466,23 132,90 15° 30° 30° 15°",,CADASTRAR
21,,48,2,"132,50 11/2"" bsp Femea 78,25 30,00 40,00 2,00 FL NBR7675 PN16 38,93 26,07 83,87 58,14 15° 30° 30° 15°",01523-130505,cadastrado
21,,76,3,"152,00 2"" bsp Femea 95,00 30,00 40,00 2,00 FL NBR7675 PN16 47,91 27,55 101,82 61,09 15° 30° 30° 15°",01523-131005,cadastrado
21,,102,4,"175,00 2"" bsp Femea 113,00 30,00 40,00 2,00 FL NBR7675 PN16 56,56 29,23 121,11 66,45 15° 30° 30° 15°",01523-132005,cadastrado
21,,152,6,"216,00 2"" bsp Femea 146,00 30,00 40,00 2,00 FL NBR7675 PN16 74,24 33,51 156,48 75,03 15° 30° 30° 15°",01523-133005,cadastrado
21,,203,8,"297,00 2"" bsp Femea 199,25 30,00 40,00 2,00 FL NBR7675 PN16 101,78 47,38 213,56 104,77 15° 30° 30° 15°",01523-134005,cadastrado
21,,261,10,"325,00 2"" bsp Femea 227,75 30,00 40,00 2,65 FL NBR7675 PN16 117,05 47,12 244,10 104,23 15° 30° 30° 15°",01523-134505,cadastrado
21,,318,12,"365,00 2"" bsp Femea 262,00 30,00 40,00 2,65 FL NBR7675 PN16 135,41 50,20 280,81 110,40 15° 30° 30° 15°",01523-135010,cadastrado
21,,368,14,"370,00 2"" bsp Femea 277,00 30,00 40,00 3,00 FL NBR7675 PN16 142,44 43,84 296,89 99,68 15° 30° 30° 15° 01523-",,indefinido
21,,419,16,"405,00 2"" bsp Femea 307,25 30,00 40,00 4,75 FL NBR7675 PN16 158,65 46,38 329,31 104,77 15° 30° 30° 15°",01523-135513,cadastrado
21,,470,18,"427,50 3"" bsp Femea 331,25 30,00 40,00 4,75 FL NBR7675 PN16 171,52 45,58 355,03 103,16 15° 30° 30° 15° 01523-",,indefinido
21,,521,20,"457,00 3"" bsp Femea 358,75 30,00 40,00 4,75 FL NBR7675 PN16 186,25 46,65 384,51 105,30 15° 30° 30° 15° 01523-",,indefinido
21,,622,24,"559,00 3"" bsp Femea 435,00 30,00 40,00 6,35 FL NBR7675 PN16 226,12 59,45 466,23 132,90 15° 30° 30° 15° 01523-",,indefinido
22,,48,2,"132,50 2,00 FL NBR7675 PN16 38,93 26,07 83,87 58,14 15° 30° 30° 15°",,CADASTRAR
22,,76,3,"152,00 2,00 FL NBR7675 PN16 47,91 27,55 101,82 61,09 15° 30° 30° 15°",01523-131000,cadastrado
22,,102,4,"175,00 2,00 FL NBR7675 PN16 56,56 29,23 121,11 66,45 15° 30° 30° 15°",01523-132000,cadastrado
22,,152,6,"216,00 2,00 FL NBR7675 PN16 74,24 33,51 156,48 75,03 15° 30° 30° 15°",01523-133000,cadastrado
22,,203,8,"297,00 2,00 FL NBR7675 PN16 101,78 47,38 213,56 104,77 15° 30° 30° 15°",01523-134000,cadastrado
22,,261,10,"325,00 2,65 FL NBR7675 PN16 117,05 47,12 244,10 104,23 15° 30° 30° 15°",01523-134500,cadastrado
22,,318,12,"365,00 2,65 FL NBR7675 PN16 135,41 50,20 280,81 110,40 15° 30° 30° 15°",01523-135000,cadastrado
22,,368,14,"370,00 3,00 FL NBR7675 PN16 142,44 43,84 296,89 99,68 15° 30° 30° 15°",01523-135500,cadastrado
22,,419,16,"405,00 4,75 FL NBR7675 PN16 158,65 46,38 329,31 104,77 15° 30° 30° 15°",01523-135510,cadastrado
22,,470,18,"427,50 4,75 FL NBR7675 PN16 171,52 45,58 355,03 103,16 15° 30° 30° 15°",,CADASTRAR
22,,521,20,"457,00 4,75 FL NBR7675 PN16 186,25 46,65 384,51 105,30 15° 30° 30° 15°",01523-135800,cadastrado
22,,622,24,"559,00 6,35 FL NBR7675 PN16 226,12 59,45 466,23 132,90 15° 30° 30° 15°",,CADASTRAR
22,,711,28,"610,00 6,35 FL NBR7675 PN16 328,51 138,00 517,41 136,39 15° 30° 30° 15°",01523-000035,cadastrado
23,,48,2,"132,50 2,00 K10 FL NBR7675 PN16 38,93 26,07 83,87 58,14 15° 30° 30° 15° 01523-",,indefinido
23,,76,3,"152,00 2,00 K10 FL NBR7675 PN16 47,91 27,55 101,82 61,09 15° 30° 30° 15°",01523-131095,cadastrado
23,,102,4,"175,00 2,00 K10 FL NBR7675 PN16 56,56 29,23 121,11 66,45 15° 30° 30° 15°",01523-132095,cadastrado
23,,152,6,"216,00 2,00 K10 FL NBR7675 PN16 74,24 33,51 156,48 75,03 15° 30° 30° 15°",01523-133095,cadastrado
23,,203,8,"297,00 2,00 K10 FL NBR7675 PN16 101,78 47,38 213,56 104,77 15° 30° 30° 15°",01523-134095,cadastrado
23,,261,10,"325,00 2,65 K10 FL NBR7675 PN16 117,05 47,12 244,10 104,23 15° 30° 30° 15°",01523-134595,cadastrado
23,,318,12,"365,00 2,65 K10 FL NBR7675 PN16 135,41 50,20 280,81 110,40 15° 30° 30° 15°",01523-135095,cadastrado
23,,368,14,"370,00 3,00 K10 FL NBR7675 PN16 142,44 43,84 296,89 99,68 15° 30° 30° 15°",01523-135512,cadastrado
23,,419,16,"405,00 4,75 K10 FL NBR7675 PN16 158,65 46,38 329,31 104,77 15° 30° 30° 15°",,CADASTRAR
23,,470,18,"427,50 4,75 K10 FL NBR7675 PN16 171,52 45,58 355,03 103,16 15° 30° 30° 15°",,CADASTRAR
23,,521,20,"457,00 4,75 K10 FL NBR7675 PN16 186,25 46,65 384,51 105,30 15° 30° 30° 15°",,CADASTRAR
23,,622,24,"559,00 6,35 K10 FL NBR7675 PN16 226,12 59,45 466,23 132,90 15° 30° 30° 15°",,CADASTRAR
24,,102,4,"1500 175 2"" bsp 113 30 40 2"" bsp 91 30 40 2,00 76 [3""] 60,555 NBR7675 PN16 100 NBR7675 PN16 2,00 56,56 29,23 121,11 66,45",,CADASTRAR
24,,152,6,"1500 216 2"" bsp 146 30 40 2"" bsp 116 30 40 2,00 76 [3""] 78,24 NBR7675 PN16 100 NBR7675 PN16 2,00 74,24 33,51 156,48 75,03",,CADASTRAR
24,,152,6,"1500 216 2"" bsp 146 30 40 2"" bsp 116 30 40 2,00 102 [4""] 78,24 NBR7675 PN16 100 NBR7675 PN16 2,00 74,24 33,51 156,48 75,03",,CADASTRAR
24,,203,8,"1500 297 2"" bsp 199,25 30 40 2"" bsp 141,5 30 40 2,00 76 [3""] 106,78 NBR7675 PN16 100 NBR7675 PN16 2,00 101,78 47,38 213,56 104,77 01528-0240 20",,indefinido
24,,203,8,"1500 297 2"" bsp 199,25 30 40 2"" bsp 141,5 30 40 2,00 102 [4""] 106,78 NBR7675 PN16 100 NBR7675 PN16 2,00 101,78 47,38 213,56 104,77 sem cadas tro",,indefinido
24,,203,8,"1500 297 2"" bsp 199,25 30 40 2"" bsp 141,5 30 40 2,00 152 [6""] 106,78 NBR7675 PN16 100 NBR7675 PN16 2,00 101,78 47,38 213,56 104,77 sem cadas tro",,indefinido
24,,261,10,"1500 325 2"" bsp 227,75 30 40 2"" bsp 170,5 30 40 2,65 76 [3""] 122, 05 NBR7675 PN16 100 NBR7675 PN16 2,00 117,05 47,12 244,10 104,23 sem cadas tro",,indefinido
24,,261,10,"1500 325 2"" bsp 227,75 30 40 2"" bsp 170,5 30 40 2,65 102 [4""] 1 22,05 NBR7675 PN16 100 NBR7675 PN16 2,00 117,05 47,12 244,10 104,23 sem cada stro",,indefinido
24,,261,10,"1500 325 2"" bsp 227,75 30 40 2"" bsp 170,5 30 40 2,65 152 [6""] 1 22,05 NBR7675 PN16 100 NBR7675 PN16 2,00 117,05 47,12 244,10 104,23 sem cada stro",,indefinido
24,,261,10,"1500 325 2"" bsp 227,75 30 40 2"" bsp 170,5 30 40 2,65 203 [8""] 122,05 NBR7675 PN16 100 NBR7675 PN16 2,00 117,05 47,12 244,10 104,23 sem cada stro",,indefinido
24,,318,12,"1500 365 2"" bsp 262 30 40 2"" bsp 199 30 40 2,65 76 [3""] 140,405 NBR7675 PN16 100 NBR7675 PN16 2,00 135,41 50,20 280,81 110,40",,CADASTRAR
24,,318,12,"1500 365 2"" bsp 262 30 40 2"" bsp 199 30 40 2,65 102 [4""] 140,405 NBR7675 PN16 100 NBR7675 PN16 2,00 135,41 50,20 280,81 110,40",,CADASTRAR
24,,318,12,"1500 365 2"" bsp 262 30 40 2"" bsp 199 30 40 2,65 152 [6""] 140,405 NBR7675 PN16 100 NBR7675 PN16 2,00 135,41 50,20 280,81 110,40",,CADASTRAR
24,,318,12,"1500 365 2"" bsp 262 30 40 2"" bsp 199 30 40 2,65 203 [8""] 140,405 NBR7675 PN16 100 NBR7675 PN16 2,00 135,41 50,20 280,81 110,40",,CADASTRAR
24,,368,14,"1500 370 2"" bsp 277 30 40 2"" bsp 224 30 40 3,00 203 [6""] 148,445 NBR7675 PN16 100 NBR7675 PN16 2,00 142,44 43,84 296,89 99,68",,CADASTRAR
24,,368,14,"1500 370 2"" bsp 277 30 40 2"" bsp 224 30 40 3,00 203 [8""] 148,445 NBR7675 PN16 100 NBR7675 PN16 2,00 142,44 43,84 296,89 99,68",,CADASTRAR
24,,419,16,"1500 405 3"" bsp 307,25 30 40 3"" bsp 249,5 30 40 4,75 152 [6""] 164,655 NBR7675 PN16 100 NBR7675 PN16 2,00 158,65 46,38 329,31 104,77 sem cad astro",,indefinido
24,,419,16,"1500 405 3"" bsp 307,25 30 40 3"" bsp 249,5 30 40 4,75 203 [8""] 164,655 NBR7675 PN16 100 NBR7675 PN16 2,00 158,65 46,38 329,31 104,77 sem cad astro",,indefinido
25,,102,4,"1500 175,00 2"" bsp 113,00 30 40 2"" bsp 91 30 40 2,00 76 [3""] 60,555 NBR7675 PN16 100 2,00 56,56 29,23 121,11 66,45",01528-022990,cadastrado
25,,152,6,"1500 216,00 2"" bsp 146,00 30 40 2"" bsp 116 30 40 2,00 76 [3""] 78,24 NBR7675 PN16 100 2,00 74,24 33,51 156,48 75,03",01528-023000,cadastrado
25,,152,6,"1500 216,00 2"" bsp 146,00 30 40 2"" bsp 116 30 40 2,00 102 [4""] 78,24 NBR7675 PN16 100 2,00 74,24 33,51 156,48 75,03",01528-023010,cadastrado
25,,203,8,"1500 297,00 2"" bsp 199,25 30 40 2"" bsp 141,5 30 40 2,00 76 [3""] 106,78 NBR7675 PN16 100 2,00 101,78 47,38 213,56 104,77",01528-024010,cadastrado
25,,203,8,"1500 297,00 2"" bsp 199,25 30 40 2"" bsp 141,5 30 40 2,00 102 [4""] 106,78 NBR7675 PN16 100 2,00 101,78 47,38 213,56 104,77",01528-024015,cadastrado
25,,203,8,"1500 297,00 2"" bsp 199,25 30 40 2"" bsp 141,5 30 40 2,00 152 [6""] 106,78 NBR7675 PN16 100 2,00 101,78 47,38 213,56 104,77",01528-000003,cadastrado
25,,261,10,"1500 325,00 2"" bsp 227,75 30 40 2"" bsp 170,5 30 40 2,65 76 [3""] 122,05 NBR7675 PN16 100 2,00 117,05 47,12 244,10 104,23",01528-024505,cadastrado
25,,261,10,"1500 325,00 2"" bsp 227,75 30 40 2"" bsp 170,5 30 40 2,65 102 [4""] 122,05 NBR7675 PN16 100 2,00 117,05 47,12 244,10 104,23",01528-024515,cadastrado
25,,261,10,"1500 325,00 2"" bsp 227,75 30 40 2"" bsp 170,5 30 40 2,65 152 [6""] 122,05 NBR7675 PN16 100 2,00 117,05 47,12 244,10 104,23",01528-024530,cadastrado
25,,261,10,"1500 325,00 2"" bsp 227,75 30 40 2"" bsp 170,5 30 40 2,65 203 [8""] 122,05 NBR7675 PN16 100 2,00 117,05 47,12 244,10 104,23",01528-024535,cadastrado
25,,318,12,"1500 365,00 2"" bsp 262,00 30 40 2"" bsp 199 30 40 2,65 76 [3""] 140,405 NBR7675 PN16 100 2,00 135,41 50,20 280,81 110,40",,CADASTRAR
25,,318,12,"1500 365,00 2"" bsp 262,00 30 40 2"" bsp 199 30 40 2,65 102 [4""] 140,405 NBR7675 PN16 100 2,00 135,41 50,20 280,81 110,40",01528-025033,cadastrado
25,,318,12,"1500 365,00 2"" bsp 262,00 30 40 2"" bsp 199 30 40 2,65 152 [6""] 140,405 NBR7675 PN16 100 2,00 135,41 50,20 280,81 110,40",01528-025034,cadastrado
25,,318,12,"1500 365,00 2"" bsp 262,00 30 40 2"" bsp 199 30 40 2,65 203 [8""] 140,405 NBR7675 PN16 100 2,00 135,41 50,20 280,81 110,40",01528-025040,cadastrado
25,,368,14,"1500 370,00 2"" bsp 277,00 30 40 2"" bsp 224 30 40 3,00 203 [6""] 148,445 NBR7675 PN16 100 2,00 142,44 43,84 296,89 99,68",01528-025063,cadastrado
25,,368,14,"1500 370,00 2"" bsp 277,00 30 40 2"" bsp 224 30 40 3,00 203 [8""] 148,445 NBR7675 PN16 100 2,00 142,44 43,84 296,89 99,68",01528-025061,cadastrado
25,,419,16,"1500 405,00 2"" bsp 307,25 30 40 2"" bsp 249,5 30 40 4,75 152 [6""] 164,655 NBR7675 PN16 100 2,00 158,65 46,38 329,31 104,77",,CADASTRAR
25,,419,16,"1500 405,00 2"" bsp 307,25 30 40 2"" bsp 249,5 30 40 4,75 203 [8""] 164,655 NBR7675 PN16 100 2,00 158,65 46,38 329,31 104,77",01528-000012,cadastrado
25,,521,20,"1500 457,00 2"" bsp 358,75 30 40 2"" bsp 300,50 30 40 4,75 152 [6""] 192,255 NBR7675 PN16 100 2,00 186,25 46,65 384,51 105,3",,CADASTRAR
25,,521,20,"1500 457,00 2"" bsp 358,75 30 40 2"" bsp 300,50 30 40 4,75 203 [8""] 192,255 NBR7675 PN16 100 2,00 186,25 46,65 384,51 105,3",01528-025080,cadastrado
26,,48,2,"1500 132,5 11/2"" bsp 78,25 30 40 1"" bsp 41,94 30 100 11/2"" bsp 64 30 40 K10 2,00 38,93 26,07 83,87 58,14",,CADASTRAR
26,,76,3,"1500 152 2"" bsp 95 30 40 2"" bsp 50,91 30 100 2"" bsp 78 30 40 K10 2,00 47,91 27,55 101,82 61,09",01528-031510,cadastrado
26,,76,3,"1500 152 2"" bsp 95 30 40 3"" bsp 50,91 40 100 2"" bsp 78 30 40 K10 2,00 47,91 27,55 101,82 61,09",,CADASTRAR
26,,102,4,"1500 175 2"" bsp 113 30 40 2"" bsp 60,56 30 100 2"" bsp 91 30 40 K10 2,00 56,56 29,23 121,11 66,45",01528-032015,cadastrado
26,,102,4,"1500 175 2"" bsp 113 30 40 3"" bsp 60,56 40 100 2"" bsp 91 30 40 K10 2,00 56,56 29,23 121,11 66,45",01528-032010,cadastrado
26,,152,6,"1500 216 2"" bsp 146 30 40 2"" bsp 78,24 30 100 2"" bsp 116 30 40 K10 2,00 74,24 33,51 156,48 75,03",01528-033014,cadastrado
26,,152,6,"1500 216 2"" bsp 146 30 40 3"" bsp 78,24 40 100 2"" bsp 116 30 40 K10 2,00 74,24 33,51 156,48 75,03",01528-033015,cadastrado
26,,203,8,"1500 297 2"" bsp 199,25 30 40 2"" bsp 106,78 30 100 2"" bsp 141,5 30 40 K10 2,00 101,78 47,38 213,56 104,77",01528-034010,cadastrado
26,,203,8,"1500 297 2"" bsp 199,25 30 40 3"" bsp 106,78 40 100 2"" bsp 141,5 30 40 K10 2,00 101,78 47,38 213,56 104,77",01528-034015,cadastrado
26,,261,10,"1500 325 2"" bsp 227,75 30 40 2"" bsp 122,05 30 100 2"" bsp 170,5 30 40 K10 2,65 117,05 47,12 244,10 104,23",,CADASTRAR
26,,261,10,"1500 325 2"" bsp 227,75 30 40 3"" bsp 122,05 40 100 2"" bsp 170,5 30 40 K10 2,65 117,05 47,12 244,10 104,23",01528-031515,cadastrado
26,,318,12,"1500 365 2"" bsp 262 30 40 2"" bsp 140,41 30 100 2"" bsp 199 30 40 K10 2,65 135,41 50,20 280,81 110,40",,CADASTRAR
26,,318,12,"1500 365 2"" bsp 262 30 40 3"" bsp 140,41 40 100 2"" bsp 199 30 40 K10 2,65 135,41 50,20 280,81 110,40",,CADASTRAR
27,,48,2,"1500 132,50 11/2"" bsp 78,25 30 40 11/2"" bsp 64 30 40 K10 2,00 38,93 26,07 83,87 58,14",,CADASTRAR
27,,76,3,"1500 152,00 11/2"" bsp 95 30 40 11/2"" bsp 78 30 40 K10 2,00 47,91 27,55 101,82 61,09",,CADASTRAR
27,,102,4,"1500 175,00 2"" bsp 113 30 40 2"" bsp 91 30 40 K10 2,00 56,56 29,23 121,11 66,45",,CADASTRAR
27,,152,6,"1500 216,00 2"" bsp 146 30 40 2"" bsp 116 30 40 K10 2,00 74,24 33,51 156,48 75,03",01528-043010,cadastrado
27,,203,8,"1500 297,00 2"" bsp 199,25 30 40 2"" bsp 141,5 30 40 K10 2,00 101,78 47,38 213,56 104,77",01528-044010,cadastrado
27,,261,10,"1500 325,00 2"" bsp 227,75 30 40 2"" bsp 170,5 30 40 K10 2,65 117,05 47,12 244,10 104,23",01528-045010,cadastrado
27,,318,12,"1500 365,00 2"" bsp 262 30 40 2"" bsp 199 30 40 K10 2,65 135,41 50,20 280,81 110,40",,CADASTRAR
27,,368,14,"1500 370,00 2"" bsp 277 30 40 2"" bsp 224 30 40 K10 3,00 142,44 43,84 296,89 99,68",01528-047010,cadastrado
28,,48,2,"1200 132,50 2,00 K10 K10 38,93 26,07 83,87 58,14 15° 30° 30° 15°",,CADASTRAR
28,,76,3,"1200 152,00 2,00 K10 K10 47,91 27,55 101,82 61,09 15° 30° 30° 15°",,CADASTRAR
28,,102,4,"1200 175,00 2,00 K10 K10 56,56 29,23 121,11 66,45 15° 30° 30° 15°",01528-053000,cadastrado
28,,152,6,"1200 216,00 2,00 K10 K10 74,24 33,51 156,48 75,03 15° 30° 30° 15°",,CADASTRAR
28,,203,8,"1200 297,00 2,00 K10 K10 101,78 47,38 213,56 104,77 15° 30° 30° 15°",01528-054000,cadastrado
28,,261,10,"1200 325,00 2,65 K10 K10 117,05 47,12 244,10 104,23 15° 30° 30° 15°",01528-054510,cadastrado
28,,318,12,"1200 365,00 2,65 K10 K10 135,41 50,20 280,81 110,40 15° 30° 30° 15°",01528-055010,cadastrado
28,,368,14,"1200 370,00 2,65 K10 K10 142,44 43,84 296,89 99,68 15° 30° 30° 15°",01528-055012,cadastrado
28,,419,16,"1200 405,00 2,65 K10 K10 158,65 46,38 329,31 104,77 15° 30° 30° 15°",,CADASTRAR
28,,470,18,"1200 427,50 2,65 K10 K10 171,52 45,58 355,03 103,16 15° 30° 30° 15°",,CADASTRAR
28,,521,20,"1200 457,00 2,65 K10 K10 186,25 46,65 384,51 105,30 15° 30° 30° 15°",,CADASTRAR
28,,622,24,"1200 559,00 2,65 K10 K10 226,12 59,45 466,23 132,90 15° 30° 30° 15°",,CADASTRAR
29,,48,2,"500 250 1"" bsp 40 30 2,00 FL NBR7675 PN16",,CADASTRAR
29,,76,3,"500 250 2"" bsp 40 30 2,00 FL NBR7675 PN16",01528-061005,cadastrado
29,,76,3,"500 250 3"" bsp 50 40 2,00 FL NBR7675 PN16",,CADASTRAR
29,,102,4,"500 250 2"" bsp 40 30 2,00 FL NBR7675 PN16",01528-063013,cadastrado
29,,102,4,"500 250 3"" bsp 50 40 2,00 FL NBR7675 PN16",,CADASTRAR
29,,152,6,"500 250 2"" bsp 40 30 2,00 FL NBR7675 PN16",01528-063010,cadastrado
29,,152,6,"500 250 3"" bsp 50 40 2,00 FL NBR7675 PN16",,CADASTRAR
29,,203,8,"500 250 2"" bsp 40 30 2,00 FL NBR7675 PN16",,CADASTRAR
29,,203,8,"500 250 3"" bsp 50 40 2,00 FL NBR7675 PN16",,CADASTRAR
29,,261,10,"500 250 2"" bsp 40 30 2,65 FL NBR7675 PN16",01528-064515,cadastrado
29,,261,10,"500 250 3"" bsp 50 40 2,65 FL NBR7675 PN16",,CADASTRAR
29,,318,12,"500 250 2"" bsp 40 30 2,65 FL NBR7675 PN16",,CADASTRAR
29,,318,12,"500 250 3"" bsp 50 40 2,65 FL NBR7675 PN16",,CADASTRAR
30,,48,2,"500 250 1"" bsp 40 30 2,00 FL NBR7675 PN16 K10",,CADASTRAR
30,,76,3,"500 250 2"" bsp 40 30 2,00 FL NBR7675 PN16 K10",,CADASTRAR
30,,76,3,"500 250 3"" bsp 50 40 2,00 FL NBR7675 PN16 K10",,CADASTRAR
30,,102,4,"500 250 2"" bsp 40 30 2,00 FL NBR7675 PN16 K10",01528-062016,cadastrado
30,,102,4,"500 250 3"" bsp 50 40 2,00 FL NBR7675 PN16 K10",,CADASTRAR
30,,152,6,"500 250 2"" bsp 40 30 2,00 FL NBR7675 PN16 K10",,CADASTRAR
30,,152,6,"500 250 3"" bsp 50 40 2,00 FL NBR7675 PN16 K10",,CADASTRAR
30,,203,8,"500 250 2"" bsp 40 30 2,00 FL NBR7675 PN16 K10",,CADASTRAR
30,,203,8,"500 250 3"" bsp 50 40 2,00 FL NBR7675 PN16 K10",,CADASTRAR
30,,261,10,"500 250 2"" bsp 40 30 2,65 FL NBR7675 PN16 K10",01528-064525,cadastrado
30,,261,10,"500 250 3"" bsp 50 40 2,65 FL NBR7675 PN16 K10",,CADASTRAR
30,,318,12,"500 250 2"" bsp 40 30 2,65 FL NBR7675 PN16 K10",01528-065010,cadastrado
30,,318,12,"500 250 3"" bsp 50 40 2,65 FL NBR7675 PN16 K10",,CADASTRAR
31,,48,2,"1200 500 132,50 4 90° 2,00 3,00 FL NBR7675 PN16 K10 38,93 26,07 83,87 58,14 15° 30° 30° 15°",,CADASTRAR
31,,76,3,"1200 500 152,00 4 90° 2,00 3,00 FL NBR7675 PN16 K10 47,91 27,55 101,82 61,09 15° 30° 30° 15°",01528-071515,cadastrado
31,,102,4,"1200 500 175,00 6 60° 2,00 3,00 FL NBR7675 PN16 K10 56,56 29,23 121,11 66,45 15° 30° 30° 15°",01528-072015,cadastrado
31,,152,6,"1200 500 216,00 6 60° 2,00 3,00 FL NBR7675 PN16 K10 74,24 33,51 156,48 75,03 15° 30° 30° 15°",01528-073015,cadastrado
31,,203,8,"1200 500 297,00 8 45° 2,00 3,00 FL NBR7675 PN16 K10 101,78 47,38 213,56 104,77 15° 30° 30° 15°",01528-074015,cadastrado
31,,261,10,"1200 500 325,00 8 45° 2,65 3,00 FL NBR7675 PN16 K10 117,05 47,12 244,10 104,23 15° 30° 30° 15°",01528-074515,cadastrado
31,,318,12,"1200 500 365,00 8 45° 2,65 3,00 FL NBR7675 PN16 K10 135,41 50,20 280,81 110,40 15° 30° 30° 15°",01528-075020,cadastrado
31,,368,14,"1200 500 370,00 8 45° 2,65 3,00 FL NBR7675 PN16 K10 142,44 43,84 296,89 99,68 15° 30° 30° 15°",01528-075025,cadastrado
31,,419,16,"1200 500 405,00 8 45° 4,75 4,75 FL NBR7675 PN16 K10 158,65 46,38 329,31 104,77 15° 30° 30° 15°",01528-075030,cadastrado
31,,470,18,"1200 500 427,50 8 45° 4,75 4,75 FL NBR7675 PN16 K10 171,52 45,58 355,03 103,16 15° 30° 30° 15°",01528-075035,cadastrado
31,,521,20,"1200 500 457,00 8 45° 4,75 4,75 FL NBR7675 PN16 K10 186,25 46,65 384,51 105,30 15° 30° 30° 15°",01528-075040,cadastrado
31,,622,24,"1200 500 559,00 8 45° 6,35 6,35 FL NBR7675 PN16 K10 226,12 59,45 466,23 132,90 15° 30° 30° 15°",01528-075050,cadastrado
31,,711,28,"1750 500 610,00 8 45° 6,35 6,35 FL NBR7675 PN16 K10 328,51 138,00 517,41 136,39 15° 30° 30° 15°",01528-000022,cadastrado
32,,152,6,"1000 500 48 [2""] FL NBR7675 PN16 2,00 2,00",01528-083010,cadastrado
32,,152,6,"1000 500 76 [3""] FL NBR7675 PN16 2,00 2,00",,CADASTRAR
32,,152,6,"1000 500 102 [4""] FL NBR7675 PN16 2,00 2,00",,CADASTRAR
32,,203,8,"1000 500 76 [3""] FL NBR7675 PN16 2,00 2,00",,CADASTRAR
32,,203,8,"1000 500 102 [4""] FL NBR7675 PN16 2,00 2,00",01528-084020,cadastrado
32,,203,8,"1000 500 152 [6""] FL NBR7675 PN16 2,00 2,00",01528-084030,cadastrado
32,,261,10,"1000 500 102 [4""] FL NBR7675 PN16 2,65 2,00",01528-084525,cadastrado
32,,261,10,"1000 500 152 [6""] FL NBR7675 PN16 2,65 2,00",01528-084531,cadastrado
32,,261,10,"1000 500 203 [8""] FL NBR7675 PN16 2,65 2,00",01528-084535,cadastrado
32,,318,12,"1000 500 152 [6""] FL NBR7675 PN16 2,65 2,00 01528-0030",,indefinido
32,,318,12,"1000 500 203 [8""] FL NBR7675 PN16 2,65 2,00",01528-085035,cadastrado
32,,318,12,"1000 500 261 [10""] FL NBR7675 PN16 2,65 2,65",,CADASTRAR
32,,368,14,"1000 500 203 [8""] FL NBR7675 PN16 3,00 2,00",01528-085510,cadastrado
32,,419,16,"1000 500 261 [10""] FL NBR7675 PN16 4,75 2,65",01528-083160,cadastrado
33,,48,2,"1000 500 4 90° 2,00 3,00 FL NBR7675 PN16",,CADASTRAR
33,,76,3,"1000 500 4 90° 2,00 3,00 FL NBR7675 PN16",01528-113890,cadastrado
33,,102,4,"1000 500 6 60° 2,00 3,00 FL NBR7675 PN16",01528-113900,cadastrado
33,,152,6,"1000 500 6 60° 2,00 3,00 FL NBR7675 PN16",01528-114009,cadastrado
33,,203,8,"1000 500 8 45° 2,00 3,00 FL NBR7675 PN16",01528-114010,cadastrado
33,,261,10,"1000 500 8 45° 2,65 3,00 FL NBR7675 PN16",01528-114500,cadastrado
33,,318,12,"1000 500 8 45° 2,65 3,00 FL NBR7675 PN16",01528-115000,cadastrado
33,,368,14,"1000 500 8 45° 3,00 3,00 FL NBR7675 PN16",01528-115500,cadastrado
33,,419,16,"1000 500 8 45° 4,75 4,75 FL NBR7675 PN16",01528-115501,cadastrado
33,,470,18,"1000 500 8 45° 4,75 4,75 FL NBR7675 PN16",,CADASTRAR
33,,521,20,"1000 500 8 45° 4,75 4,75 FL NBR7675 PN16",01528-116500,cadastrado
33,,622,24,"2000 500 8 45° 6,35 6,35 FL NBR7675 PN16",,CADASTRAR
33,,711,28,"2000 500 8 45° 6,35 6,35 FL NBR7675 PN16",01528-000024,cadastrado
34,,76,3,"2000 250 1000 750 2"" bsp (Femea) 40 30 2,00 FL NBR7675 PN16",01528-124050,cadastrado
34,,102,4,"2250 250 1000 1000 2"" bsp (Femea) 40 30 2,00 FL NBR7675 PN16",,CADASTRAR
34,,152,6,"2750 250 1000 1500 2"" bsp (Femea) 40 30 2,00 FL NBR7675 PN16",01528-124100,cadastrado
34,,203,8,"3250 250 1000 2000 2"" bsp (Femea) 40 30 2,00 FL NBR7675 PN16",01528-124200,cadastrado
34,,261,10,"2500 250 1000 1250 2"" bsp (Femea) 40 30 2,65 FL NBR7675 PN16",01528-124500,cadastrado
34,,318,12,"3000 250 1000 1750 2"" bsp (Femea) 40 30 2,65 FL NBR7675 PN16",01528-124655,cadastrado
35,,76,3,"2000 250 1000 750 2"" bsp (Femea) 40 30 2,00 K10 FL NBR 7675 PN16",,CADASTRAR
35,,102,4,"2250 250 1000 1000 2"" bsp (Femea) 40 30 2,00 K10 FL NBR 7675 PN16",,CADASTRAR
35,,152,6,"2750 250 1000 1500 2"" bsp (Femea) 40 30 2,00 K10 FL NBR 7675 PN16",01528-000006,cadastrado
35,,203,8,"3250 250 1000 2000 2"" bsp (Femea) 40 30 2,00 K10 FL NBR 7675 PN16",,CADASTRAR
35,,261,10,"2500 250 1000 1250 2"" bsp (Femea) 40 30 2,65 K10 FL NBR 7675 PN16",01528-124600,cadastrado
35,,318,12,"3000 250 1000 1750 2"" bsp (Femea) 40 30 2,65 K10 FL NBR 7675 PN16",01528-124650,cadastrado
36,Reducao Concentrica/Excentrica c/flanges Ansi 150LB,76,3,"x d2502,00FL ANSIB 16.5 150LB",,indefinido
36,Reducao Concentrica/Excentrica c/flanges Ansi 150LB,102,4,"x d2502,00FL ANSIB 16.5 150LB",,indefinido
36,Reducao Concentrica/Excentrica c/flanges Ansi 150LB,133,5,"x d2502,00FL ANSIB 16.5 150LB",,indefinido
36,Reducao Concentrica/Excentrica c/flanges Ansi 150LB,152,6,"x d3002,00FL ANSIB 16.5 150LB",,indefinido
36,Reducao Concentrica/Excentrica c/flanges Ansi 150LB,203,8,"x d3002,00FL ANSIB 16.5 150LB",,indefinido
36,Reducao Concentrica/Excentrica c/flanges Ansi 150LB,261,10,"x d3502,65FL ANSIB 16.5 150LB",,indefinido
36,Reducao Concentrica/Excentrica c/flanges Ansi 150LB,318,12,"x d4502,65FL ANSIB 16.5 150LB",,indefinido
36,Reducao Concentrica/Excentrica c/flanges Ansi 150LB,368,14,"x d6003,00FL ANSIB 16.5 150LB",,indefinido
36,Reducao Concentrica/Excentrica c/flanges Ansi 150LB,419,16,"x d6004,75FL ANSIB 16.5 150LB",,indefinido
36,Reducao Concentrica/Excentrica c/flanges Ansi 150LB,470,18,"x d6004,75FL ANSIB 16.5 150LB",,indefinido
36,Reducao Concentrica/Excentrica c/flanges Ansi 150LB,521,20,"x d6004,75FL ANSIB 16.5 150LB",,indefinido
36,Reducao Concentrica/Excentrica c/flanges Ansi 150LB,622,24,"x d6006,35FL ANSIB 16.5 150LB",,indefinido
37,Dimensional padrão p/ construção de Redução Concêntrica/Excêntrica c/f,76,3,"x d2502,00FL ANSIB 16.5 300LB",,indefinido
37,Dimensional padrão p/ construção de Redução Concêntrica/Excêntrica c/f,102,4,"x d2502,00FL ANSIB 16.5 300LB",,indefinido
37,Dimensional padrão p/ construção de Redução Concêntrica/Excêntrica c/f,152,6,"x d3002,00FL ANSIB 16.5 300LB",,indefinido
37,Dimensional padrão p/ construção de Redução Concêntrica/Excêntrica c/f,203,8,"x d3002,00FL ANSIB 16.5 300LB",,indefinido
37,Dimensional padrão p/ construção de Redução Concêntrica/Excêntrica c/f,261,10,"x d3502,65FL ANSIB 16.5 300LB",,indefinido
37,Dimensional padrão p/ construção de Redução Concêntrica/Excêntrica c/f,318,12,"x d4504,75FL ANSIB 16.5 300LB",,indefinido
37,Dimensional padrão p/ construção de Redução Concêntrica/Excêntrica c/f,368,14,"x d6004,75FL ANSIB 16.5 300LB",,indefinido
37,Dimensional padrão p/ construção de Redução Concêntrica/Excêntrica c/f,419,16,"x d6004,75FL ANSIB 16.5 300LB",,indefinido
37,Dimensional padrão p/ construção de Redução Concêntrica/Excêntrica c/f,470,18,"x d6004,75FL ANSIB 16.5 300LB",,indefinido
37,Dimensional padrão p/ construção de Redução Concêntrica/Excêntrica c/f,521,20,"x d6006,35FL ANSIB 16.5 300LB",,indefinido
37,Dimensional padrão p/ construção de Redução Concêntrica/Excêntrica c/f,622,24,"x d6006,35FL ANSIB 16.5 300LB",,indefinido
38,,76,3,"x d 250 2, 00 EN 1092 PN16",,indefinido
38,,102,4,"x d 250 2, 00 EN 1092 PN16",,indefinido
38,,133,5,"x d 250 2, 00 EN 1092 PN16",,indefinido
38,,152,6,"x d 300 2, 00 EN 1092 PN16",,indefinido
38,,203,8,"x d 300 2, 00 EN 1092 PN16",,indefinido
38,,261,10,"x d 350 2, 65 EN 1092 PN16",,indefinido
38,,318,12,"x d 450 2, 65 EN 1092 PN16",,indefinido
38,,368,14,"x d 600 3, 00 EN 1092 PN16",,indefinido
38,,419,16,"x d 600 4, 75 EN 1092 PN16",,indefinido
38,,470,18,"x d 600 4, 75 EN 1092 PN16",,indefinido
38,,521,20,"x d 600 4, 75 EN 1092 PN16",,indefinido
38,,622,24,"x d 600 6, 35 EN 1092 PN16",,indefinido
39,,76,3,"x d 250 2, 00 FL NBR7675 PN16",,indefinido
39,,102,4,"x d 250 2, 00 FL NBR7675 PN16",,indefinido
39,,152,6,"x d 300 2, 00 FL NBR7675 PN16",,indefinido
39,,203,8,"x d 300 2, 00 FL NBR7675 PN16",,indefinido
39,,261,10,"x d 350 2, 65 FL NBR7675 PN16",,indefinido
39,,318,12,"x d 450 2, 65 FL NBR7675 PN16",,indefinido
39,,368,14,"x d 600 3, 00 FL NBR7675 PN16",,indefinido
39,,419,16,"x d 600 4, 75 FL NBR7675 PN16",,indefinido
39,,470,18,"x d 600 4, 75 FL NBR7675 PN16",,indefinido
39,,521,20,"x d 600 4, 75 FL NBR7675 PN16",,indefinido
39,,622,24,"x d 600 6, 35 FL NBR7675 PN16",,indefinido
40,,48,2,"132,50 132,50 265,00 2,00 FL NBR7675 PN16 01523-",,indefinido
40,,76,3,"152,00 152,00 304,00 2,00 FL NBR7675 PN16",01523-301000,cadastrado
40,,102,4,"175,00 175,00 350,00 2,00 FL NBR7675 PN16",01523-302000,cadastrado
40,,152,6,"216,00 216,00 432,00 2,00 FL NBR7675 PN16",01523-303000,cadastrado
40,,203,8,"297,00 297,00 594,00 2,00 FL NBR7675 PN16",01523-304000,cadastrado
40,,261,10,"325,00 325,00 650,00 2,65 FL NBR7675 PN16",01523-324505,cadastrado
40,,318,12,"365,00 365,00 730,00 2,65 FL NBR7675 PN16",01523-325000,cadastrado
40,,368,14,"370,00 370,00 740,00 3,00 FL NBR7675 PN16",01523-325500,cadastrado
40,,419,16,"405,00 405,00 810,00 4,75 FL NBR7675 PN16",01523-326000,cadastrado
40,,470,18,"427,50 427,50 855,00 4,75 FL NBR7675 PN16",01523-326500,cadastrado
40,,521,20,"457,00 457,00 914,00 4,75 FL NBR7675 PN16",01523-327000,cadastrado
40,,622,24,"559,00 559,00 1118,00 6,35 FL NBR7675 PN16 01523-",,indefinido
41,,419,16,"x 368 [14""] 419 [16""] 360,00 4,75 720,00 FL NBR7675 PN16 368 [14""] 370,00 3,00 FL NBR7675 PN16",01523-326001,cadastrado
